ID,ExpiryDate,Strike,DateAndTime,Timestamp,Volume,VWAP,IntervalTotal
0,2020-09-18,18,2020-07-24T13:38:00,1595612280,5,0.08,40
1,2020-09-18,18,2020-07-24T14:12:00,1595614320,1,0.08,8
2,2020-09-18,18,2020-07-27T09:30:00,1595856600,1,0.07,7
3,2020-09-18,18,2020-07-27T14:07:00,1595873220,5,0.07,35
4,2020-09-18,18,2020-07-28T10:39:00,1595947140,1,0.06,6
5,2020-09-18,18,2020-07-28T11:44:00,1595951040,1,0.06,6
6,2020-09-18,18,2020-07-28T13:09:00,1595956140,5,0.06,30
7,2020-09-18,18,2020-07-30T09:30:00,1596115800,4,0.0775,31
8,2020-09-18,20,2020-07-20T15:27:00,1595273220,2,0.08,16
9,2020-09-18,20,2020-07-20T15:47:00,1595274420,20,0.08,160
10,2020-09-18,20,2020-07-21T09:34:00,1595338440,10,0.08,80
11,2020-09-18,20,2020-07-21T10:16:00,1595340960,1,0.07,7
12,2020-09-18,20,2020-07-21T10:25:00,1595341500,2,0.09,18
13,2020-09-18,20,2020-07-21T10:31:00,1595341860,2,0.09,18
14,2020-09-18,20,2020-07-21T15:52:00,1595361120,10,0.09,90
15,2020-09-18,20,2020-07-22T13:28:00,1595438880,5,0.13,65
16,2020-09-18,20,2020-07-22T13:56:00,1595440560,1,0.13,13
17,2020-09-18,20,2020-07-22T14:50:00,1595443800,10,0.15,150
18,2020-09-18,20,2020-07-22T15:00:00,1595444400,1,0.12,12
19,2020-09-18,20,2020-07-22T15:32:00,1595446320,2,0.18,36
20,2020-09-18,20,2020-07-23T12:35:00,1595522100,4,0.11,44
21,2020-09-18,20,2020-07-24T09:50:00,1595598600,50,0.21,1050
22,2020-09-18,20,2020-07-24T09:55:00,1595598900,1,0.2,20
23,2020-09-18,20,2020-07-24T09:56:00,1595598960,1,0.19,19
24,2020-09-18,20,2020-07-24T10:10:00,1595599800,5,0.18,90
25,2020-09-18,20,2020-07-24T10:13:00,1595599980,2,0.2,40
26,2020-09-18,20,2020-07-24T10:41:00,1595601660,2,0.17,34
27,2020-09-18,20,2020-07-24T13:22:00,1595611320,2,0.195,39
28,2020-09-18,20,2020-07-24T14:13:00,1595614380,1,0.18,18
29,2020-09-18,20,2020-07-24T14:15:00,1595614500,1,0.18,18
30,2020-09-18,20,2020-07-27T09:40:00,1595857200,1,0.18,18
31,2020-09-18,20,2020-07-27T09:55:00,1595858100,2,0.17,34
32,2020-09-18,20,2020-07-27T10:00:00,1595858400,2,0.18,36
33,2020-09-18,20,2020-07-27T10:01:00,1595858460,2,0.18,36
34,2020-09-18,20,2020-07-27T11:27:00,1595863620,2,0.19,38
35,2020-09-18,20,2020-07-27T11:29:00,1595863740,2,0.18,36
36,2020-09-18,20,2020-07-27T12:02:00,1595865720,40,0.16375,655
37,2020-09-18,20,2020-07-27T12:33:00,1595867580,10,0.15,150
38,2020-09-18,20,2020-07-27T12:34:00,1595867640,1,0.16,16
39,2020-09-18,20,2020-07-27T12:35:00,1595867700,1,0.15,15
40,2020-09-18,20,2020-07-27T12:45:00,1595868300,20,0.16,320
41,2020-09-18,20,2020-07-27T14:43:00,1595875380,1,0.18,18
42,2020-09-18,20,2020-07-27T15:26:00,1595877960,5,0.15,75
43,2020-09-18,20,2020-07-28T09:33:00,1595943180,3,0.16,48
44,2020-09-18,20,2020-07-28T10:00:00,1595944800,6,0.1733333,104
45,2020-09-18,20,2020-07-28T10:05:00,1595945100,30,0.19,570
46,2020-09-18,20,2020-07-28T11:46:00,1595951160,1,0.19,19
47,2020-09-18,20,2020-07-28T13:48:00,1595958480,20,0.17,340
48,2020-09-18,20,2020-07-28T13:59:00,1595959140,1,0.16,16
49,2020-09-18,20,2020-07-28T15:01:00,1595962860,2,0.17,34
50,2020-09-18,20,2020-07-28T15:55:00,1595966100,2,0.19,38
51,2020-09-18,20,2020-07-29T10:39:00,1596033540,3,0.17,51
52,2020-09-18,20,2020-07-29T12:10:00,1596039000,10,0.2,200
53,2020-09-18,20,2020-07-29T14:37:00,1596047820,10,0.19,190
54,2020-09-18,20,2020-07-29T14:51:00,1596048660,1,0.2,20
55,2020-09-18,20,2020-07-30T10:00:00,1596117600,1,0.2,20
56,2020-09-18,20,2020-07-30T10:11:00,1596118260,2,0.21,42
57,2020-09-18,20,2020-07-30T10:18:00,1596118680,20,0.21,420
58,2020-09-18,20,2020-07-30T10:21:00,1596118860,1,0.21,21
59,2020-09-18,20,2020-07-30T10:22:00,1596118920,19,0.21,399
60,2020-09-18,20,2020-07-30T11:37:00,1596123420,1,0.2,20
61,2020-09-18,20,2020-07-30T14:08:00,1596132480,2,0.16,32
62,2020-09-18,20,2020-07-31T10:02:00,1596204120,1,0.16,16
63,2020-09-18,20,2020-07-31T11:26:00,1596209160,1,0.13,13
64,2020-09-18,20,2020-07-31T15:59:00,1596225540,1,0.13,13
65,2020-09-18,23,2020-07-20T11:46:00,1595259960,7,0.24,168
66,2020-09-18,23,2020-07-20T14:21:00,1595269260,1,0.3,30
67,2020-09-18,23,2020-07-20T14:34:00,1595270040,2,0.29,58
68,2020-09-18,23,2020-07-21T10:04:00,1595340240,4,0.27,108
69,2020-09-18,23,2020-07-21T11:17:00,1595344620,1,0.27,27
70,2020-09-18,23,2020-07-21T11:21:00,1595344860,2,0.265,53
71,2020-09-18,23,2020-07-22T11:38:00,1595432280,1,0.38,38
72,2020-09-18,23,2020-07-22T12:15:00,1595434500,55,0.36,1980
73,2020-09-18,23,2020-07-22T13:22:00,1595438520,5,0.41,205
74,2020-09-18,23,2020-07-22T13:42:00,1595439720,1,0.4,40
75,2020-09-18,23,2020-07-22T14:08:00,1595441280,1,0.44,44
76,2020-09-18,23,2020-07-22T14:09:00,1595441340,1,0.43,43
77,2020-09-18,23,2020-07-22T14:44:00,1595443440,3,0.46,138
78,2020-09-18,23,2020-07-23T11:43:00,1595518980,1,0.35,35
79,2020-09-18,23,2020-07-23T11:44:00,1595519040,2,0.37,74
80,2020-09-18,23,2020-07-23T14:50:00,1595530200,1,0.46,46
81,2020-09-18,23,2020-07-23T15:46:00,1595533560,11,0.48,528
82,2020-09-18,23,2020-07-24T10:05:00,1595599500,3,0.59,177
83,2020-09-18,23,2020-07-24T11:49:00,1595605740,1,0.56,56
84,2020-09-18,23,2020-07-24T13:49:00,1595612940,1,0.6,60
85,2020-09-18,23,2020-07-24T14:10:00,1595614200,1,0.57,57
86,2020-09-18,23,2020-07-24T14:12:00,1595614320,1,0.56,56
87,2020-09-18,23,2020-07-24T15:13:00,1595617980,1,0.56,56
88,2020-09-18,23,2020-07-27T09:59:00,1595858340,1,0.57,57
89,2020-09-18,23,2020-07-27T10:00:00,1595858400,2,0.58,116
90,2020-09-18,23,2020-07-27T10:57:00,1595861820,1,0.55,55
91,2020-09-18,23,2020-07-27T11:03:00,1595862180,1,0.55,55
92,2020-09-18,23,2020-07-27T11:35:00,1595864100,4,0.59,236
93,2020-09-18,23,2020-07-27T11:37:00,1595864220,1,0.59,59
94,2020-09-18,23,2020-07-27T11:41:00,1595864460,1,0.59,59
95,2020-09-18,23,2020-07-27T11:44:00,1595864640,1,0.57,57
96,2020-09-18,23,2020-07-27T12:52:00,1595868720,6,0.54,324
97,2020-09-18,23,2020-07-27T13:17:00,1595870220,1,0.53,53
98,2020-09-18,23,2020-07-27T15:33:00,1595878380,2,0.53,106
99,2020-09-18,23,2020-07-28T09:30:00,1595943000,25,0.52,1300
100,2020-09-18,23,2020-07-28T09:31:00,1595943060,60,0.5106667,3064
101,2020-09-18,23,2020-07-28T09:52:00,1595944320,20,0.6,1200
102,2020-09-18,23,2020-07-28T10:20:00,1595946000,1,0.59,59
103,2020-09-18,23,2020-07-28T11:30:00,1595950200,10,0.58,580
104,2020-09-18,23,2020-07-28T11:36:00,1595950560,1,0.59,59
105,2020-09-18,23,2020-07-28T12:12:00,1595952720,3,0.6,180
106,2020-09-18,23,2020-07-28T12:39:00,1595954340,3,0.6,180
107,2020-09-18,23,2020-07-28T13:01:00,1595955660,30,0.5583333,1675
108,2020-09-18,23,2020-07-28T13:14:00,1595956440,1,0.58,58
109,2020-09-18,23,2020-07-28T13:54:00,1595958840,3,0.57,171
110,2020-09-18,23,2020-07-28T14:08:00,1595959680,1,0.54,54
111,2020-09-18,23,2020-07-28T14:10:00,1595959800,3,0.54,162
112,2020-09-18,23,2020-07-28T15:50:00,1595965800,3,0.63,189
113,2020-09-18,23,2020-07-29T09:53:00,1596030780,2,0.59,118
114,2020-09-18,23,2020-07-29T10:22:00,1596032520,18,0.58,1044
115,2020-09-18,23,2020-07-29T10:36:00,1596033360,3,0.58,174
116,2020-09-18,23,2020-07-29T10:39:00,1596033540,3,0.58,174
117,2020-09-18,23,2020-07-29T11:12:00,1596035520,1,0.62,62
118,2020-09-18,23,2020-07-29T11:21:00,1596036060,3,0.62,186
119,2020-09-18,23,2020-07-29T12:15:00,1596039300,1,0.62,62
120,2020-09-18,23,2020-07-29T12:42:00,1596040920,1,0.64,64
121,2020-09-18,23,2020-07-29T12:55:00,1596041700,1,0.63,63
122,2020-09-18,23,2020-07-29T14:27:00,1596047220,1,0.65,65
123,2020-09-18,23,2020-07-30T09:30:00,1596115800,5,0.66,330
124,2020-09-18,23,2020-07-30T09:31:00,1596115860,1,0.61,61
125,2020-09-18,23,2020-07-30T09:34:00,1596116040,2,0.63,126
126,2020-09-18,23,2020-07-30T09:44:00,1596116640,1,0.6,60
127,2020-09-18,23,2020-07-30T11:12:00,1596121920,1,0.64,64
128,2020-09-18,23,2020-07-30T11:40:00,1596123600,1,0.6,60
129,2020-09-18,23,2020-07-30T12:56:00,1596128160,1,0.6,60
130,2020-09-18,23,2020-07-30T14:01:00,1596132060,1,0.56,56
131,2020-09-18,23,2020-07-31T09:40:00,1596202800,1,0.55,55
132,2020-09-18,23,2020-07-31T10:03:00,1596204180,1,0.54,54
133,2020-09-18,23,2020-07-31T10:32:00,1596205920,30,0.5,1500
134,2020-09-18,23,2020-07-31T10:47:00,1596206820,1,0.51,51
135,2020-09-18,23,2020-07-31T10:51:00,1596207060,1,0.5,50
136,2020-09-18,23,2020-07-31T10:57:00,1596207420,2,0.48,96
137,2020-09-18,23,2020-07-31T11:43:00,1596210180,4,0.48,192
138,2020-09-18,23,2020-07-31T12:55:00,1596214500,10,0.51,510
139,2020-09-18,23,2020-07-31T13:29:00,1596216540,1,0.53,53
140,2020-09-18,23,2020-07-31T14:01:00,1596218460,1,0.51,51
141,2020-09-18,23,2020-07-31T15:14:00,1596222840,2,0.52,104
142,2020-09-18,23,2020-07-31T15:24:00,1596223440,1,0.5,50
143,2020-09-18,23,2020-07-31T15:45:00,1596224700,21,0.4890476,1027
144,2020-09-18,24,2020-07-20T11:46:00,1595259960,1,0.34,34
145,2020-09-18,24,2020-07-20T15:59:00,1595275140,2,0.4,80
146,2020-09-18,24,2020-07-21T09:32:00,1595338320,50,0.3442,1721
147,2020-09-18,24,2020-07-21T11:38:00,1595345880,1,0.37,37
148,2020-09-18,24,2020-07-22T10:35:00,1595428500,1,0.51,51
149,2020-09-18,24,2020-07-22T12:24:00,1595435040,10,0.54,540
150,2020-09-18,24,2020-07-22T15:43:00,1595446980,3,0.63,189
151,2020-09-18,24,2020-07-23T09:30:00,1595511000,1,0.62,62
152,2020-09-18,24,2020-07-23T09:34:00,1595511240,10,0.68,680
153,2020-09-18,24,2020-07-23T09:35:00,1595511300,5,0.62,310
154,2020-09-18,24,2020-07-23T12:22:00,1595521320,2,0.54,108
155,2020-09-18,24,2020-07-23T14:41:00,1595529660,1,0.67,67
156,2020-09-18,24,2020-07-23T14:46:00,1595529960,1,0.65,65
157,2020-09-18,24,2020-07-23T15:09:00,1595531340,1,0.66,66
158,2020-09-18,24,2020-07-24T09:39:00,1595597940,5,0.9,450
159,2020-09-18,24,2020-07-24T10:56:00,1595602560,1,0.72,72
160,2020-09-18,24,2020-07-24T15:20:00,1595618400,3,0.77,231
161,2020-09-18,24,2020-07-24T15:53:00,1595620380,1,0.76,76
162,2020-09-18,24,2020-07-27T10:14:00,1595859240,1,0.79,79
163,2020-09-18,24,2020-07-27T11:35:00,1595864100,1,0.82,82
164,2020-09-18,24,2020-07-27T11:58:00,1595865480,1,0.81,81
165,2020-09-18,24,2020-07-27T12:06:00,1595865960,2,0.79,158
166,2020-09-18,24,2020-07-28T09:33:00,1595943180,1,0.83,83
167,2020-09-18,24,2020-07-28T11:44:00,1595951040,1,0.81,81
168,2020-09-18,24,2020-07-28T12:46:00,1595954760,2,0.82,164
169,2020-09-18,24,2020-07-28T14:04:00,1595959440,1,0.77,77
170,2020-09-18,24,2020-07-28T15:18:00,1595963880,1,0.9,90
171,2020-09-18,24,2020-07-29T10:10:00,1596031800,1,0.84,84
172,2020-09-18,24,2020-07-29T10:32:00,1596033120,1,0.84,84
173,2020-09-18,24,2020-07-30T09:30:00,1596115800,4,0.97,388
174,2020-09-18,24,2020-07-31T10:27:00,1596205620,1,0.76,76
175,2020-09-18,24,2020-07-31T11:11:00,1596208260,1,0.71,71
176,2020-09-18,24,2020-07-31T12:14:00,1596212040,1,0.72,72
177,2020-09-18,24,2020-07-31T14:35:00,1596220500,10,0.72,720
178,2020-09-18,24,2020-07-31T14:54:00,1596221640,5,0.75,375
179,2020-09-18,24,2020-07-31T15:01:00,1596222060,186,0.74,13764
180,2020-09-18,24,2020-07-31T15:50:00,1596225000,1,0.67,67
181,2020-09-18,24,2020-07-31T15:59:00,1596225540,2,0.64,128
182,2020-09-18,25,2020-07-20T09:44:00,1595252640,1,0.6,60
183,2020-09-18,25,2020-07-20T10:03:00,1595253780,6,0.53,318
184,2020-09-18,25,2020-07-20T10:30:00,1595255400,2,0.52,104
185,2020-09-18,25,2020-07-20T10:40:00,1595256000,1,0.51,51
186,2020-09-18,25,2020-07-20T10:53:00,1595256780,10,0.5,500
187,2020-09-18,25,2020-07-20T10:54:00,1595256840,5,0.5,250
188,2020-09-18,25,2020-07-20T11:45:00,1595259900,268,0.485709,13017
189,2020-09-18,25,2020-07-20T11:46:00,1595259960,361,0.4622715,16688
190,2020-09-18,25,2020-07-20T14:26:00,1595269560,2,0.56,112
191,2020-09-18,25,2020-07-20T14:56:00,1595271360,3,0.58,174
192,2020-09-18,25,2020-07-20T15:08:00,1595272080,1,0.57,57
193,2020-09-18,25,2020-07-20T15:09:00,1595272140,3,0.57,171
194,2020-09-18,25,2020-07-21T09:43:00,1595338980,11,0.54,594
195,2020-09-18,25,2020-07-21T09:50:00,1595339400,21,0.5195238,1091
196,2020-09-18,25,2020-07-21T10:16:00,1595340960,1,0.52,52
197,2020-09-18,25,2020-07-21T13:24:00,1595352240,5,0.6,300
198,2020-09-18,25,2020-07-21T15:51:00,1595361060,1,0.6,60
199,2020-09-18,25,2020-07-22T10:48:00,1595429280,20,0.75,1500
200,2020-09-18,25,2020-07-22T11:08:00,1595430480,4,0.74,296
201,2020-09-18,25,2020-07-22T11:15:00,1595430900,11,0.73,803
202,2020-09-18,25,2020-07-22T11:55:00,1595433300,1,0.72,72
203,2020-09-18,25,2020-07-22T12:18:00,1595434680,4,0.7,280
204,2020-09-18,25,2020-07-22T12:24:00,1595435040,10,0.72,720
205,2020-09-18,25,2020-07-22T13:53:00,1595440380,7,0.77,539
206,2020-09-18,25,2020-07-22T13:55:00,1595440500,2,0.78,156
207,2020-09-18,25,2020-07-22T13:56:00,1595440560,1,0.79,79
208,2020-09-18,25,2020-07-22T14:04:00,1595441040,20,0.78,1560
209,2020-09-18,25,2020-07-22T14:28:00,1595442480,1,0.83,83
210,2020-09-18,25,2020-07-22T14:32:00,1595442720,10,0.88,880
211,2020-09-18,25,2020-07-22T14:33:00,1595442780,3,0.87,261
212,2020-09-18,25,2020-07-22T15:32:00,1595446320,25,0.8976,2244
213,2020-09-18,25,2020-07-22T15:35:00,1595446500,5,0.9,450
214,2020-09-18,25,2020-07-22T15:41:00,1595446860,1,0.84,84
215,2020-09-18,25,2020-07-23T09:49:00,1595512140,5,0.75,375
216,2020-09-18,25,2020-07-23T10:13:00,1595513580,1,0.77,77
217,2020-09-18,25,2020-07-23T10:42:00,1595515320,1,0.71,71
218,2020-09-18,25,2020-07-23T11:27:00,1595518020,1,0.73,73
219,2020-09-18,25,2020-07-23T12:14:00,1595520840,1,0.74,74
220,2020-09-18,25,2020-07-23T12:35:00,1595522100,4,0.79,316
221,2020-09-18,25,2020-07-23T12:44:00,1595522640,1,0.77,77
222,2020-09-18,25,2020-07-23T14:13:00,1595527980,40,0.93,3720
223,2020-09-18,25,2020-07-23T14:15:00,1595528100,20,0.92,1840
224,2020-09-18,25,2020-07-23T14:16:00,1595528160,40,0.93,3720
225,2020-09-18,25,2020-07-23T14:17:00,1595528220,10,0.95,950
226,2020-09-18,25,2020-07-23T14:20:00,1595528400,3,0.9233333,277
227,2020-09-18,25,2020-07-23T14:21:00,1595528460,6,0.9216667,553
228,2020-09-18,25,2020-07-23T15:00:00,1595530800,3,0.89,267
229,2020-09-18,25,2020-07-23T15:11:00,1595531460,51,0.89,4539
230,2020-09-18,25,2020-07-23T15:24:00,1595532240,8,0.89,712
231,2020-09-18,25,2020-07-24T09:30:00,1595597400,1,1,100
232,2020-09-18,25,2020-07-24T09:34:00,1595597640,2,1.11,222
233,2020-09-18,25,2020-07-24T09:39:00,1595597940,2,1.21,242
234,2020-09-18,25,2020-07-24T09:44:00,1595598240,5,1.25,625
235,2020-09-18,25,2020-07-24T09:50:00,1595598600,50,1.21,6050
236,2020-09-18,25,2020-07-24T09:52:00,1595598720,50,1.2,6000
237,2020-09-18,25,2020-07-24T09:59:00,1595599140,2,1.12,224
238,2020-09-18,25,2020-07-24T10:02:00,1595599320,2,1.11,222
239,2020-09-18,25,2020-07-24T10:03:00,1595599380,1,1.11,111
240,2020-09-18,25,2020-07-24T10:04:00,1595599440,6,1.08,648
241,2020-09-18,25,2020-07-24T10:05:00,1595599500,3,1.08,324
242,2020-09-18,25,2020-07-24T10:17:00,1595600220,2,1.1,220
243,2020-09-18,25,2020-07-24T10:20:00,1595600400,20,1.11,2220
244,2020-09-18,25,2020-07-24T10:31:00,1595601060,1,1.11,111
245,2020-09-18,25,2020-07-24T11:04:00,1595603040,1,0.98,98
246,2020-09-18,25,2020-07-24T11:24:00,1595604240,1,1,100
247,2020-09-18,25,2020-07-24T11:39:00,1595605140,1,1.01,101
248,2020-09-18,25,2020-07-24T11:49:00,1595605740,1,1.05,105
249,2020-09-18,25,2020-07-24T12:01:00,1595606460,1,1.06,106
250,2020-09-18,25,2020-07-24T12:07:00,1595606820,2,1.06,212
251,2020-09-18,25,2020-07-24T12:12:00,1595607120,2,1.07,214
252,2020-09-18,25,2020-07-24T12:15:00,1595607300,1,1.09,109
253,2020-09-18,25,2020-07-24T12:16:00,1595607360,1,1.09,109
254,2020-09-18,25,2020-07-24T12:20:00,1595607600,1,1.1,110
255,2020-09-18,25,2020-07-24T12:47:00,1595609220,5,1.07,535
256,2020-09-18,25,2020-07-24T12:50:00,1595609400,2,1.07,214
257,2020-09-18,25,2020-07-24T13:08:00,1595610480,1,1.11,111
258,2020-09-18,25,2020-07-24T13:54:00,1595613240,10,1.09,1090
259,2020-09-18,25,2020-07-24T14:15:00,1595614500,1,1.04,104
260,2020-09-18,25,2020-07-24T14:17:00,1595614620,1,1.04,104
261,2020-09-18,25,2020-07-24T14:27:00,1595615220,3,1.05,315
262,2020-09-18,25,2020-07-24T14:51:00,1595616660,10,1.05,1050
263,2020-09-18,25,2020-07-24T15:16:00,1595618160,2,1.03,206
264,2020-09-18,25,2020-07-24T15:36:00,1595619360,10,1,1000
265,2020-09-18,25,2020-07-27T09:38:00,1595857080,1,1.08,108
266,2020-09-18,25,2020-07-27T09:40:00,1595857200,1,1.08,108
267,2020-09-18,25,2020-07-27T09:42:00,1595857320,1,1.12,112
268,2020-09-18,25,2020-07-27T09:47:00,1595857620,1,1.07,107
269,2020-09-18,25,2020-07-27T09:52:00,1595857920,1,1.05,105
270,2020-09-18,25,2020-07-27T09:55:00,1595858100,2,1.06,212
271,2020-09-18,25,2020-07-27T10:12:00,1595859120,30,1.09,3270
272,2020-09-18,25,2020-07-27T10:33:00,1595860380,1,1.07,107
273,2020-09-18,25,2020-07-27T10:37:00,1595860620,28,1.05,2940
274,2020-09-18,25,2020-07-27T10:48:00,1595861280,6,1.03,618
275,2020-09-18,25,2020-07-27T10:55:00,1595861700,1,1.02,102
276,2020-09-18,25,2020-07-27T11:03:00,1595862180,1,1.04,104
277,2020-09-18,25,2020-07-27T11:16:00,1595862960,1,1.08,108
278,2020-09-18,25,2020-07-27T11:35:00,1595864100,5,1.1,550
279,2020-09-18,25,2020-07-27T11:36:00,1595864160,1,1.09,109
280,2020-09-18,25,2020-07-27T11:41:00,1595864460,1,1.1,110
281,2020-09-18,25,2020-07-27T11:57:00,1595865420,1,1.07,107
282,2020-09-18,25,2020-07-27T12:35:00,1595867700,10,1,1000
283,2020-09-18,25,2020-07-27T13:08:00,1595869680,1,1.01,101
284,2020-09-18,25,2020-07-27T14:49:00,1595875740,1,1.01,101
285,2020-09-18,25,2020-07-27T15:26:00,1595877960,5,1.01,505
286,2020-09-18,25,2020-07-27T15:33:00,1595878380,2,1,200
287,2020-09-18,25,2020-07-27T15:35:00,1595878500,2,1.02,204
288,2020-09-18,25,2020-07-27T15:39:00,1595878740,1,1.02,102
289,2020-09-18,25,2020-07-28T09:32:00,1595943120,4,1.05,420
290,2020-09-18,25,2020-07-28T09:49:00,1595944140,2,1.04,208
291,2020-09-18,25,2020-07-28T09:52:00,1595944320,2,1.12,224
292,2020-09-18,25,2020-07-28T09:57:00,1595944620,3,1.14,342
293,2020-09-18,25,2020-07-28T10:05:00,1595945100,2,1.18,236
294,2020-09-18,25,2020-07-28T10:22:00,1595946120,10,1.1,1100
295,2020-09-18,25,2020-07-28T10:39:00,1595947140,10,1.08,1080
296,2020-09-18,25,2020-07-28T11:12:00,1595949120,1,1.08,108
297,2020-09-18,25,2020-07-28T11:17:00,1595949420,2,1.09,218
298,2020-09-18,25,2020-07-28T11:18:00,1595949480,1,1.13,113
299,2020-09-18,25,2020-07-28T13:04:00,1595955840,2,1.07,214
300,2020-09-18,25,2020-07-28T13:07:00,1595956020,2,1.08,216
301,2020-09-18,25,2020-07-28T13:13:00,1595956380,2,1.09,218
302,2020-09-18,25,2020-07-28T13:21:00,1595956860,8,1.06,848
303,2020-09-18,25,2020-07-28T13:22:00,1595956920,1,1.06,106
304,2020-09-18,25,2020-07-28T13:23:00,1595956980,1,1.05,105
305,2020-09-18,25,2020-07-28T14:00:00,1595959200,2,1.07,214
306,2020-09-18,25,2020-07-28T14:07:00,1595959620,2,1.04,208
307,2020-09-18,25,2020-07-28T14:28:00,1595960880,2,1.08,216
308,2020-09-18,25,2020-07-28T15:01:00,1595962860,1,1.14,114
309,2020-09-18,25,2020-07-28T15:52:00,1595965920,2,1.15,230
310,2020-09-18,25,2020-07-29T09:43:00,1596030180,6,1.1366667,682
311,2020-09-18,25,2020-07-29T09:47:00,1596030420,1,1.11,111
312,2020-09-18,25,2020-07-29T10:00:00,1596031200,1,1.13,113
313,2020-09-18,25,2020-07-29T10:12:00,1596031920,2,1.15,230
314,2020-09-18,25,2020-07-29T10:32:00,1596033120,2,1.12,224
315,2020-09-18,25,2020-07-29T10:35:00,1596033300,1,1.09,109
316,2020-09-18,25,2020-07-29T11:02:00,1596034920,1,1.05,105
317,2020-09-18,25,2020-07-29T12:00:00,1596038400,1,1.13,113
318,2020-09-18,25,2020-07-29T12:09:00,1596038940,5,1.158,579
319,2020-09-18,25,2020-07-29T12:10:00,1596039000,10,1.16,1160
320,2020-09-18,25,2020-07-29T13:04:00,1596042240,3,1.17,351
321,2020-09-18,25,2020-07-29T14:38:00,1596047880,1,1.15,115
322,2020-09-18,25,2020-07-29T14:58:00,1596049080,2,1.17,234
323,2020-09-18,25,2020-07-29T14:59:00,1596049140,3,1.17,351
324,2020-09-18,25,2020-07-29T15:00:00,1596049200,4,1.17,468
325,2020-09-18,25,2020-07-29T15:04:00,1596049440,16,1.16,1856
326,2020-09-18,25,2020-07-29T15:29:00,1596050940,200,1.13,22600
327,2020-09-18,25,2020-07-29T15:30:00,1596051000,4,1.13,452
328,2020-09-18,25,2020-07-29T15:32:00,1596051120,336,1.1397024,38294
329,2020-09-18,25,2020-07-29T15:33:00,1596051180,63,1.1398413,7181
330,2020-09-18,25,2020-07-29T15:44:00,1596051840,1,1.11,111
331,2020-09-18,25,2020-07-29T15:47:00,1596052020,20,1.14,2280
332,2020-09-18,25,2020-07-29T15:48:00,1596052080,1,1.11,111
333,2020-09-18,25,2020-07-29T15:54:00,1596052440,4,1.14,456
334,2020-09-18,25,2020-07-29T15:59:00,1596052740,2,1.15,230
335,2020-09-18,25,2020-07-30T10:11:00,1596118260,3,1.21,363
336,2020-09-18,25,2020-07-30T10:12:00,1596118320,13,1.23,1599
337,2020-09-18,25,2020-07-30T10:21:00,1596118860,1,1.24,124
338,2020-09-18,25,2020-07-30T10:25:00,1596119100,3,1.29,387
339,2020-09-18,25,2020-07-30T10:44:00,1596120240,3,1.22,366
340,2020-09-18,25,2020-07-30T11:05:00,1596121500,1,1.2,120
341,2020-09-18,25,2020-07-30T12:03:00,1596124980,1,1.07,107
342,2020-09-18,25,2020-07-30T12:05:00,1596125100,2,1.07,214
343,2020-09-18,25,2020-07-30T12:19:00,1596125940,2,1.06,212
344,2020-09-18,25,2020-07-30T12:25:00,1596126300,5,1.04,520
345,2020-09-18,25,2020-07-30T12:32:00,1596126720,1,1.08,108
346,2020-09-18,25,2020-07-30T12:40:00,1596127200,5,1.07,535
347,2020-09-18,25,2020-07-30T14:08:00,1596132480,2,1.03,206
348,2020-09-18,25,2020-07-30T14:32:00,1596133920,40,1.05,4200
349,2020-09-18,25,2020-07-30T15:23:00,1596136980,2,1.08,216
350,2020-09-18,25,2020-07-31T09:34:00,1596202440,1,1.02,102
351,2020-09-18,25,2020-07-31T09:53:00,1596203580,1,0.97,97
352,2020-09-18,25,2020-07-31T10:18:00,1596205080,5,1.1,550
353,2020-09-18,25,2020-07-31T10:24:00,1596205440,1,1.05,105
354,2020-09-18,25,2020-07-31T10:35:00,1596206100,1,1,100
355,2020-09-18,25,2020-07-31T10:46:00,1596206760,1,0.98,98
356,2020-09-18,25,2020-07-31T11:34:00,1596209640,2,0.96,192
357,2020-09-18,25,2020-07-31T12:48:00,1596214080,1,0.99,99
358,2020-09-18,25,2020-07-31T13:29:00,1596216540,2,1,200
359,2020-09-18,25,2020-07-31T14:17:00,1596219420,3,1.01,303
360,2020-09-18,25,2020-07-31T15:05:00,1596222300,18,0.99,1782
361,2020-09-18,25,2020-07-31T15:39:00,1596224340,2,0.97,194
362,2020-09-18,25,2020-07-31T15:45:00,1596224700,20,0.94,1880
363,2020-09-18,25,2020-07-31T15:48:00,1596224880,3,0.91,273
364,2020-09-18,25,2020-07-31T15:53:00,1596225180,3,0.9533333,286
365,2020-09-18,26,2020-07-21T11:37:00,1595345820,2,0.69,138
366,2020-09-18,26,2020-07-21T12:15:00,1595348100,1,0.75,75
367,2020-09-18,26,2020-07-21T13:20:00,1595352000,1,0.78,78
368,2020-09-18,26,2020-07-21T15:51:00,1595361060,1,0.79,79
369,2020-09-18,26,2020-07-21T15:56:00,1595361360,50,0.8,4000
370,2020-09-18,26,2020-07-22T09:30:00,1595424600,10,0.77,770
371,2020-09-18,26,2020-07-22T09:41:00,1595425260,2,0.83,166
372,2020-09-18,26,2020-07-22T10:06:00,1595426760,1,0.82,82
373,2020-09-18,26,2020-07-22T10:07:00,1595426820,1,0.83,83
374,2020-09-18,26,2020-07-22T11:02:00,1595430120,6,0.99,594
375,2020-09-18,26,2020-07-22T11:36:00,1595432160,1,0.95,95
376,2020-09-18,26,2020-07-22T12:10:00,1595434200,1,0.94,94
377,2020-09-18,26,2020-07-22T12:23:00,1595434980,5,0.95,475
378,2020-09-18,26,2020-07-22T12:32:00,1595435520,3,0.96,288
379,2020-09-18,26,2020-07-22T12:33:00,1595435580,1,0.97,97
380,2020-09-18,26,2020-07-22T12:35:00,1595435700,1,0.99,99
381,2020-09-18,26,2020-07-22T12:53:00,1595436780,12,1.0066667,1208
382,2020-09-18,26,2020-07-22T12:54:00,1595436840,6,1.02,612
383,2020-09-18,26,2020-07-22T13:00:00,1595437200,4,1.02,408
384,2020-09-18,26,2020-07-22T13:16:00,1595438160,2,1.04,208
385,2020-09-18,26,2020-07-22T13:18:00,1595438280,1,1.05,105
386,2020-09-18,26,2020-07-22T13:40:00,1595439600,11,1.0290909,1132
387,2020-09-18,26,2020-07-22T13:42:00,1595439720,1,0.99,99
388,2020-09-18,26,2020-07-22T13:52:00,1595440320,1,1.04,104
389,2020-09-18,26,2020-07-22T14:07:00,1595441220,5,1.05,525
390,2020-09-18,26,2020-07-22T14:08:00,1595441280,2,1.08,216
391,2020-09-18,26,2020-07-22T14:09:00,1595441340,2,1.07,214
392,2020-09-18,26,2020-07-22T14:23:00,1595442180,100,1.09,10900
393,2020-09-18,26,2020-07-22T14:37:00,1595443020,1,1.13,113
394,2020-09-18,26,2020-07-22T14:44:00,1595443440,1,1.15,115
395,2020-09-18,26,2020-07-22T14:52:00,1595443920,30,1.09,3270
396,2020-09-18,26,2020-07-22T14:59:00,1595444340,1,1.1,110
397,2020-09-18,26,2020-07-22T15:20:00,1595445600,2,1.12,224
398,2020-09-18,26,2020-07-22T15:29:00,1595446140,1,1.14,114
399,2020-09-18,26,2020-07-22T15:38:00,1595446680,1,1.13,113
400,2020-09-18,26,2020-07-22T15:50:00,1595447400,1,1.15,115
401,2020-09-18,26,2020-07-22T15:51:00,1595447460,30,1.12,3360
402,2020-09-18,26,2020-07-22T15:59:00,1595447940,1,1.12,112
403,2020-09-18,26,2020-07-23T09:30:00,1595511000,1,1.11,111
404,2020-09-18,26,2020-07-23T09:34:00,1595511240,5,1.2,600
405,2020-09-18,26,2020-07-23T09:41:00,1595511660,1,1.03,103
406,2020-09-18,26,2020-07-23T09:55:00,1595512500,10,1.01,1010
407,2020-09-18,26,2020-07-23T10:16:00,1595513760,1,0.97,97
408,2020-09-18,26,2020-07-23T11:29:00,1595518140,5,1.004,502
409,2020-09-18,26,2020-07-23T12:01:00,1595520060,5,1.02,510
410,2020-09-18,26,2020-07-23T12:24:00,1595521440,1,1.03,103
411,2020-09-18,26,2020-07-23T12:55:00,1595523300,6,1.05,630
412,2020-09-18,26,2020-07-23T13:34:00,1595525640,4,1.1,440
413,2020-09-18,26,2020-07-23T13:55:00,1595526900,1,1.24,124
414,2020-09-18,26,2020-07-23T14:04:00,1595527440,2,1.2,240
415,2020-09-18,26,2020-07-23T14:11:00,1595527860,1,1.21,121
416,2020-09-18,26,2020-07-23T14:25:00,1595528700,5,1.2,600
417,2020-09-18,26,2020-07-23T14:27:00,1595528820,25,1.196,2990
418,2020-09-18,26,2020-07-23T15:15:00,1595531700,30,1.19,3570
419,2020-09-18,26,2020-07-24T09:48:00,1595598480,4,1.51,604
420,2020-09-18,26,2020-07-24T10:02:00,1595599320,6,1.47,882
421,2020-09-18,26,2020-07-24T10:04:00,1595599440,5,1.43,715
422,2020-09-18,26,2020-07-24T10:05:00,1595599500,10,1.4,1400
423,2020-09-18,26,2020-07-24T10:10:00,1595599800,5,1.43,715
424,2020-09-18,26,2020-07-24T10:13:00,1595599980,2,1.49,298
425,2020-09-18,26,2020-07-24T10:36:00,1595601360,1,1.45,145
426,2020-09-18,26,2020-07-24T11:49:00,1595605740,39,1.38,5382
427,2020-09-18,26,2020-07-24T11:54:00,1595606040,1,1.4,140
428,2020-09-18,26,2020-07-24T12:22:00,1595607720,1,1.42,142
429,2020-09-18,26,2020-07-24T12:53:00,1595609580,5,1.42,710
430,2020-09-18,26,2020-07-24T13:19:00,1595611140,10,1.45,1450
431,2020-09-18,26,2020-07-24T13:22:00,1595611320,2,1.47,294
432,2020-09-18,26,2020-07-24T14:13:00,1595614380,1,1.36,136
433,2020-09-18,26,2020-07-24T14:15:00,1595614500,1,1.36,136
434,2020-09-18,26,2020-07-24T15:59:00,1595620740,30,1.369,4107
435,2020-09-18,26,2020-07-27T10:00:00,1595858400,2,1.43,286
436,2020-09-18,26,2020-07-27T10:01:00,1595858460,2,1.43,286
437,2020-09-18,26,2020-07-27T11:19:00,1595863140,5,1.38,690
438,2020-09-18,26,2020-07-27T11:27:00,1595863620,22,1.4009091,3082
439,2020-09-18,26,2020-07-27T11:29:00,1595863740,2,1.43,286
440,2020-09-18,26,2020-07-27T11:41:00,1595864460,9,1.43,1287
441,2020-09-18,26,2020-07-27T12:34:00,1595867640,1,1.35,135
442,2020-09-18,26,2020-07-27T12:35:00,1595867700,1,1.36,136
443,2020-09-18,26,2020-07-27T15:20:00,1595877600,1,1.32,132
444,2020-09-18,26,2020-07-28T09:36:00,1595943360,1,1.42,142
445,2020-09-18,26,2020-07-28T09:41:00,1595943660,1,1.35,135
446,2020-09-18,26,2020-07-28T09:44:00,1595943840,8,1.34,1072
447,2020-09-18,26,2020-07-28T09:50:00,1595944200,1,1.37,137
448,2020-09-18,26,2020-07-28T09:56:00,1595944560,200,1.48,29600
449,2020-09-18,26,2020-07-28T10:00:00,1595944800,4,1.47,588
450,2020-09-18,26,2020-07-28T10:10:00,1595945400,2,1.45,290
451,2020-09-18,26,2020-07-28T11:19:00,1595949540,1,1.48,148
452,2020-09-18,26,2020-07-28T12:04:00,1595952240,4,1.47,588
453,2020-09-18,26,2020-07-28T12:19:00,1595953140,2,1.46,292
454,2020-09-18,26,2020-07-28T12:38:00,1595954280,1,1.47,147
455,2020-09-18,26,2020-07-28T14:15:00,1595960100,2,1.4,280
456,2020-09-18,26,2020-07-28T15:01:00,1595962860,8,1.4925,1194
457,2020-09-18,26,2020-07-28T15:18:00,1595963880,1,1.58,158
458,2020-09-18,26,2020-07-28T15:55:00,1595966100,2,1.52,304
459,2020-09-18,26,2020-07-29T09:54:00,1596030840,1,1.48,148
460,2020-09-18,26,2020-07-29T10:08:00,1596031680,2,1.49,298
461,2020-09-18,26,2020-07-29T10:32:00,1596033120,1,1.46,146
462,2020-09-18,26,2020-07-29T11:12:00,1596035520,1,1.47,147
463,2020-09-18,26,2020-07-29T12:09:00,1596038940,1,1.5,150
464,2020-09-18,26,2020-07-29T13:04:00,1596042240,2,1.54,308
465,2020-09-18,26,2020-07-29T14:19:00,1596046740,1,1.54,154
466,2020-09-18,26,2020-07-29T14:25:00,1596047100,30,1.55,4650
467,2020-09-18,26,2020-07-29T15:51:00,1596052260,7,1.5,1050
468,2020-09-18,26,2020-07-29T15:57:00,1596052620,5,1.5,750
469,2020-09-18,26,2020-07-29T15:59:00,1596052740,1,1.5,150
470,2020-09-18,26,2020-07-30T10:00:00,1596117600,1,1.6,160
471,2020-09-18,26,2020-07-30T10:27:00,1596119220,1,1.66,166
472,2020-09-18,26,2020-07-30T11:13:00,1596121980,3,1.53,459
473,2020-09-18,26,2020-07-30T11:25:00,1596122700,5,1.48,740
474,2020-09-18,26,2020-07-30T11:33:00,1596123180,1,1.47,147
475,2020-09-18,26,2020-07-30T12:27:00,1596126420,2,1.4,280
476,2020-09-18,26,2020-07-30T12:40:00,1596127200,5,1.394,697
477,2020-09-18,26,2020-07-30T15:10:00,1596136200,1,1.39,139
478,2020-09-18,26,2020-07-30T15:45:00,1596138300,41,1.4,5740
479,2020-09-18,26,2020-07-31T09:54:00,1596203640,2,1.28,256
480,2020-09-18,26,2020-07-31T09:55:00,1596203700,10,1.25,1250
481,2020-09-18,26,2020-07-31T10:02:00,1596204120,1,1.34,134
482,2020-09-18,26,2020-07-31T10:18:00,1596205080,5,1.46,730
483,2020-09-18,26,2020-07-31T10:19:00,1596205140,1,1.44,144
484,2020-09-18,26,2020-07-31T10:31:00,1596205860,1,1.33,133
485,2020-09-18,26,2020-07-31T10:32:00,1596205920,2,1.335,267
486,2020-09-18,26,2020-07-31T10:39:00,1596206340,5,1.28,640
487,2020-09-18,26,2020-07-31T10:59:00,1596207540,8,1.27,1016
488,2020-09-18,26,2020-07-31T11:48:00,1596210480,1,1.32,132
489,2020-09-18,26,2020-07-31T11:49:00,1596210540,1,1.32,132
490,2020-09-18,26,2020-07-31T14:16:00,1596219360,4,1.35,540
491,2020-09-18,26,2020-07-31T14:40:00,1596220800,3,1.29,387
492,2020-09-18,26,2020-07-31T15:14:00,1596222840,2,1.31,262
493,2020-09-18,26,2020-07-31T15:28:00,1596223680,5,1.304,652
494,2020-09-18,26,2020-07-31T15:33:00,1596223980,1,1.28,128
495,2020-09-18,26,2020-07-31T15:54:00,1596225240,1,1.26,126
496,2020-09-18,26,2020-07-31T15:55:00,1596225300,1,1.24,124
497,2020-09-18,27,2020-07-20T10:41:00,1595256060,5,0.94,470
498,2020-09-18,27,2020-07-20T11:00:00,1595257200,30,0.91,2730
499,2020-09-18,27,2020-07-20T11:19:00,1595258340,3,0.91,273
500,2020-09-18,27,2020-07-20T11:46:00,1595259960,3,0.89,267
501,2020-09-18,27,2020-07-20T12:29:00,1595262540,1,0.95,95
502,2020-09-18,27,2020-07-20T12:54:00,1595264040,1,0.97,97
503,2020-09-18,27,2020-07-20T14:24:00,1595269440,2,0.99,198
504,2020-09-18,27,2020-07-20T15:29:00,1595273340,4,0.99,396
505,2020-09-18,27,2020-07-21T09:40:00,1595338800,50,0.95,4750
506,2020-09-18,27,2020-07-21T10:03:00,1595340180,7,0.93,651
507,2020-09-18,27,2020-07-21T10:09:00,1595340540,10,0.93,930
508,2020-09-18,27,2020-07-21T10:25:00,1595341500,2,0.87,174
509,2020-09-18,27,2020-07-21T10:31:00,1595341860,2,0.88,176
510,2020-09-18,27,2020-07-21T11:27:00,1595345220,1,0.91,91
511,2020-09-18,27,2020-07-21T12:06:00,1595347560,1,1.02,102
512,2020-09-18,27,2020-07-21T12:23:00,1595348580,5,1.038,519
513,2020-09-18,27,2020-07-21T15:33:00,1595359980,1,1,100
514,2020-09-18,27,2020-07-21T15:36:00,1595360160,10,1.01,1010
515,2020-09-18,27,2020-07-21T15:51:00,1595361060,5,1.04,520
516,2020-09-18,27,2020-07-22T09:30:00,1595424600,3,0.95,285
517,2020-09-18,27,2020-07-22T09:40:00,1595425200,1,1.08,108
518,2020-09-18,27,2020-07-22T09:42:00,1595425320,1,1.08,108
519,2020-09-18,27,2020-07-22T09:43:00,1595425380,2,1.1,220
520,2020-09-18,27,2020-07-22T09:46:00,1595425560,1,1.1,110
521,2020-09-18,27,2020-07-22T09:51:00,1595425860,3,1.1,330
522,2020-09-18,27,2020-07-22T09:52:00,1595425920,1,1.11,111
523,2020-09-18,27,2020-07-22T09:56:00,1595426160,2,1.08,216
524,2020-09-18,27,2020-07-22T09:57:00,1595426220,1,1.09,109
525,2020-09-18,27,2020-07-22T10:07:00,1595426820,1,1.09,109
526,2020-09-18,27,2020-07-22T10:17:00,1595427420,1,1.12,112
527,2020-09-18,27,2020-07-22T10:23:00,1595427780,1,1.15,115
528,2020-09-18,27,2020-07-22T10:26:00,1595427960,1,1.16,116
529,2020-09-18,27,2020-07-22T10:39:00,1595428740,9,1.21,1089
530,2020-09-18,27,2020-07-22T10:52:00,1595429520,1,1.3,130
531,2020-09-18,27,2020-07-22T11:26:00,1595431560,1,1.21,121
532,2020-09-18,27,2020-07-22T11:34:00,1595432040,4,1.225,490
533,2020-09-18,27,2020-07-22T11:35:00,1595432100,5,1.23,615
534,2020-09-18,27,2020-07-22T11:36:00,1595432160,3,1.2333333,370
535,2020-09-18,27,2020-07-22T11:50:00,1595433000,5,1.22,610
536,2020-09-18,27,2020-07-22T12:04:00,1595433840,1,1.22,122
537,2020-09-18,27,2020-07-22T12:17:00,1595434620,2,1.22,244
538,2020-09-18,27,2020-07-22T12:18:00,1595434680,3,1.22,366
539,2020-09-18,27,2020-07-22T12:32:00,1595435520,5,1.25,625
540,2020-09-18,27,2020-07-22T12:54:00,1595436840,1,1.33,133
541,2020-09-18,27,2020-07-22T13:18:00,1595438280,4,1.35,540
542,2020-09-18,27,2020-07-22T13:54:00,1595440440,2,1.35,270
543,2020-09-18,27,2020-07-22T13:55:00,1595440500,8,1.35,1080
544,2020-09-18,27,2020-07-22T14:07:00,1595441220,1,1.37,137
545,2020-09-18,27,2020-07-22T14:08:00,1595441280,1,1.41,141
546,2020-09-18,27,2020-07-22T14:09:00,1595441340,1,1.4,140
547,2020-09-18,27,2020-07-22T14:33:00,1595442780,3,1.45,435
548,2020-09-18,27,2020-07-22T14:35:00,1595442900,1,1.45,145
549,2020-09-18,27,2020-07-22T14:49:00,1595443740,2,1.45,290
550,2020-09-18,27,2020-07-22T15:08:00,1595444880,1,1.45,145
551,2020-09-18,27,2020-07-22T15:17:00,1595445420,1,1.43,143
552,2020-09-18,27,2020-07-22T15:38:00,1595446680,1,1.44,144
553,2020-09-18,27,2020-07-22T15:46:00,1595447160,1,1.41,141
554,2020-09-18,27,2020-07-23T09:35:00,1595511300,6,1.41,846
555,2020-09-18,27,2020-07-23T10:02:00,1595512920,1,1.25,125
556,2020-09-18,27,2020-07-23T10:16:00,1595513760,1,1.29,129
557,2020-09-18,27,2020-07-23T10:27:00,1595514420,10,1.26,1260
558,2020-09-18,27,2020-07-23T11:27:00,1595518020,30,1.2886667,3866
559,2020-09-18,27,2020-07-23T11:38:00,1595518680,1,1.29,129
560,2020-09-18,27,2020-07-23T11:39:00,1595518740,1,1.28,128
561,2020-09-18,27,2020-07-23T11:44:00,1595519040,2,1.3,260
562,2020-09-18,27,2020-07-23T12:00:00,1595520000,1,1.33,133
563,2020-09-18,27,2020-07-23T12:51:00,1595523060,1,1.35,135
564,2020-09-18,27,2020-07-23T14:21:00,1595528460,1,1.6,160
565,2020-09-18,27,2020-07-23T15:30:00,1595532600,1,1.55,155
566,2020-09-18,27,2020-07-23T15:52:00,1595533920,4,1.56,624
567,2020-09-18,27,2020-07-24T09:30:00,1595597400,1,1.72,172
568,2020-09-18,27,2020-07-24T09:41:00,1595598060,1,1.9,190
569,2020-09-18,27,2020-07-24T09:49:00,1595598540,1,1.95,195
570,2020-09-18,27,2020-07-24T09:56:00,1595598960,1,1.88,188
571,2020-09-18,27,2020-07-24T11:32:00,1595604720,10,1.68,1680
572,2020-09-18,27,2020-07-24T11:33:00,1595604780,10,1.67,1670
573,2020-09-18,27,2020-07-24T11:35:00,1595604900,10,1.68,1680
574,2020-09-18,27,2020-07-24T11:37:00,1595605020,5,1.68,840
575,2020-09-18,27,2020-07-24T11:39:00,1595605140,43,1.718605,7390
576,2020-09-18,27,2020-07-24T11:49:00,1595605740,10,1.77,1770
577,2020-09-18,27,2020-07-24T11:59:00,1595606340,10,1.74,1740
578,2020-09-18,27,2020-07-24T12:00:00,1595606400,10,1.73,1730
579,2020-09-18,27,2020-07-24T12:03:00,1595606580,19,1.77,3363
580,2020-09-18,27,2020-07-24T12:23:00,1595607780,1,1.83,183
581,2020-09-18,27,2020-07-24T13:14:00,1595610840,1,1.87,187
582,2020-09-18,27,2020-07-24T13:36:00,1595612160,5,1.86,930
583,2020-09-18,27,2020-07-24T13:41:00,1595612460,4,1.85,740
584,2020-09-18,27,2020-07-24T13:43:00,1595612580,3,1.85,555
585,2020-09-18,27,2020-07-27T09:34:00,1595856840,10,1.69,1690
586,2020-09-18,27,2020-07-27T09:40:00,1595857200,1,1.82,182
587,2020-09-18,27,2020-07-27T10:33:00,1595860380,1,1.81,181
588,2020-09-18,27,2020-07-27T11:28:00,1595863680,1,1.83,183
589,2020-09-18,27,2020-07-27T11:58:00,1595865480,1,1.82,182
590,2020-09-18,27,2020-07-27T14:20:00,1595874000,1,1.69,169
591,2020-09-18,27,2020-07-27T14:45:00,1595875500,10,1.71,1710
592,2020-09-18,27,2020-07-27T14:49:00,1595875740,1,1.72,172
593,2020-09-18,27,2020-07-28T09:30:00,1595943000,3,1.83,549
594,2020-09-18,27,2020-07-28T09:45:00,1595943900,1,1.77,177
595,2020-09-18,27,2020-07-28T11:58:00,1595951880,1,1.9,190
596,2020-09-18,27,2020-07-28T12:03:00,1595952180,2,1.89,378
597,2020-09-18,27,2020-07-28T13:06:00,1595955960,10,1.833,1833
598,2020-09-18,27,2020-07-28T13:28:00,1595957280,2,1.87,374
599,2020-09-18,27,2020-07-28T13:54:00,1595958840,3,1.84,552
600,2020-09-18,27,2020-07-28T15:18:00,1595963880,4,2,800
601,2020-09-18,27,2020-07-28T15:45:00,1595965500,4,1.99,796
602,2020-09-18,27,2020-07-28T15:47:00,1595965620,2,1.97,394
603,2020-09-18,27,2020-07-28T15:50:00,1595965800,3,1.96,588
604,2020-09-18,27,2020-07-28T15:52:00,1595965920,2,1.94,388
605,2020-09-18,27,2020-07-29T09:31:00,1596029460,3,1.92,576
606,2020-09-18,27,2020-07-29T09:54:00,1596030840,1,1.89,189
607,2020-09-18,27,2020-07-29T10:08:00,1596031680,2,1.895,379
608,2020-09-18,27,2020-07-29T10:19:00,1596032340,1,1.86,186
609,2020-09-18,27,2020-07-29T10:36:00,1596033360,3,1.84,552
610,2020-09-18,27,2020-07-29T11:21:00,1596036060,3,1.9,570
611,2020-09-18,27,2020-07-29T12:15:00,1596039300,1,1.94,194
612,2020-09-18,27,2020-07-29T13:03:00,1596042180,1,1.96,196
613,2020-09-18,27,2020-07-29T13:04:00,1596042240,2,1.95,390
614,2020-09-18,27,2020-07-29T13:28:00,1596043680,10,1.92,1920
615,2020-09-18,27,2020-07-29T14:02:00,1596045720,5,1.92,960
616,2020-09-18,27,2020-07-30T10:36:00,1596119760,1,2.03,203
617,2020-09-18,27,2020-07-30T10:37:00,1596119820,9,2.02,1818
618,2020-09-18,27,2020-07-30T10:39:00,1596119940,2,2.04,408
619,2020-09-18,27,2020-07-30T10:46:00,1596120360,1,2.03,203
620,2020-09-18,27,2020-07-30T11:02:00,1596121320,10,2.03,2030
621,2020-09-18,27,2020-07-30T11:13:00,1596121980,1,1.96,196
622,2020-09-18,27,2020-07-30T11:38:00,1596123480,1,1.86,186
623,2020-09-18,27,2020-07-30T11:58:00,1596124680,2,1.83,366
624,2020-09-18,27,2020-07-30T12:03:00,1596124980,1,1.78,178
625,2020-09-18,27,2020-07-30T12:19:00,1596125940,2,1.78,356
626,2020-09-18,27,2020-07-30T12:25:00,1596126300,5,1.77,885
627,2020-09-18,27,2020-07-30T13:01:00,1596128460,2,1.91,382
628,2020-09-18,27,2020-07-30T14:01:00,1596132060,1,1.78,178
629,2020-09-18,27,2020-07-30T15:03:00,1596135780,2,1.8,360
630,2020-09-18,27,2020-07-30T15:07:00,1596136020,1,1.81,181
631,2020-09-18,27,2020-07-30T15:53:00,1596138780,1,1.84,184
632,2020-09-18,27,2020-07-31T10:06:00,1596204360,4,1.74,696
633,2020-09-18,27,2020-07-31T11:00:00,1596207600,1,1.66,166
634,2020-09-18,27,2020-07-31T11:24:00,1596209040,2,1.7,340
635,2020-09-18,27,2020-07-31T11:55:00,1596210900,8,1.7,1360
636,2020-09-18,27,2020-07-31T12:01:00,1596211260,30,1.721333,5164
637,2020-09-18,27,2020-07-31T12:31:00,1596213060,1,1.72,172
638,2020-09-18,27,2020-07-31T13:24:00,1596216240,1,1.74,174
639,2020-09-18,27,2020-07-31T13:29:00,1596216540,1,1.74,174
640,2020-09-18,27,2020-07-31T15:22:00,1596223320,2,1.66,332
641,2020-09-18,27,2020-07-31T15:28:00,1596223680,1,1.66,166
642,2020-09-18,27,2020-07-31T15:54:00,1596225240,3,1.65,495
643,2020-09-18,28,2020-07-20T10:45:00,1595256300,10,1.19,1190
644,2020-09-18,28,2020-07-20T11:46:00,1595259960,5,1.17,585
645,2020-09-18,28,2020-07-20T12:42:00,1595263320,2,1.26,252
646,2020-09-18,28,2020-07-20T12:54:00,1595264040,24,1.26,3024
647,2020-09-18,28,2020-07-20T12:55:00,1595264100,9,1.26,1134
648,2020-09-18,28,2020-07-20T13:14:00,1595265240,2,1.27,254
649,2020-09-18,28,2020-07-20T13:31:00,1595266260,2,1.28,256
650,2020-09-18,28,2020-07-20T13:32:00,1595266320,4,1.28,512
651,2020-09-18,28,2020-07-20T13:34:00,1595266440,14,1.28,1792
652,2020-09-18,28,2020-07-20T13:35:00,1595266500,9,1.28,1152
653,2020-09-18,28,2020-07-20T13:38:00,1595266680,7,1.27,889
654,2020-09-18,28,2020-07-20T13:50:00,1595267400,4,1.28,512
655,2020-09-18,28,2020-07-20T14:25:00,1595269500,3,1.27,381
656,2020-09-18,28,2020-07-20T14:29:00,1595269740,2,1.27,254
657,2020-09-18,28,2020-07-20T14:56:00,1595271360,4,1.27,508
658,2020-09-18,28,2020-07-20T14:57:00,1595271420,6,1.27,762
659,2020-09-18,28,2020-07-20T15:23:00,1595272980,3,1.27,381
660,2020-09-18,28,2020-07-21T10:19:00,1595341140,5,1.12,560
661,2020-09-18,28,2020-07-21T11:17:00,1595344620,1,1.17,117
662,2020-09-18,28,2020-07-21T11:21:00,1595344860,2,1.165,233
663,2020-09-18,28,2020-07-21T11:27:00,1595345220,4,1.1725,469
664,2020-09-18,28,2020-07-21T12:30:00,1595349000,3,1.3,390
665,2020-09-18,28,2020-07-21T14:59:00,1595357940,2,1.23,246
666,2020-09-18,28,2020-07-21T15:56:00,1595361360,2,1.335,267
667,2020-09-18,28,2020-07-22T09:30:00,1595424600,3,1.22,366
668,2020-09-18,28,2020-07-22T09:40:00,1595425200,1,1.36,136
669,2020-09-18,28,2020-07-22T09:42:00,1595425320,4,1.3675,547
670,2020-09-18,28,2020-07-22T09:43:00,1595425380,1,1.4,140
671,2020-09-18,28,2020-07-22T09:46:00,1595425560,2,1.4,280
672,2020-09-18,28,2020-07-22T09:48:00,1595425680,1,1.41,141
673,2020-09-18,28,2020-07-22T10:14:00,1595427240,5,1.45,725
674,2020-09-18,28,2020-07-22T10:40:00,1595428800,1,1.54,154
675,2020-09-18,28,2020-07-22T10:44:00,1595429040,4,1.59,636
676,2020-09-18,28,2020-07-22T10:49:00,1595429340,1,1.65,165
677,2020-09-18,28,2020-07-22T10:51:00,1595429460,2,1.63,326
678,2020-09-18,28,2020-07-22T12:22:00,1595434920,3,1.55,465
679,2020-09-18,28,2020-07-22T12:54:00,1595436840,1,1.67,167
680,2020-09-18,28,2020-07-22T13:04:00,1595437440,1,1.68,168
681,2020-09-18,28,2020-07-22T13:14:00,1595438040,1,1.7,170
682,2020-09-18,28,2020-07-22T13:43:00,1595439780,1,1.63,163
683,2020-09-18,28,2020-07-22T13:58:00,1595440680,10,1.72,1720
684,2020-09-18,28,2020-07-22T14:11:00,1595441460,3,1.75,525
685,2020-09-18,28,2020-07-22T14:38:00,1595443080,55,1.85,10175
686,2020-09-18,28,2020-07-22T14:40:00,1595443200,2,1.85,370
687,2020-09-18,28,2020-07-22T14:46:00,1595443560,47,1.85,8695
688,2020-09-18,28,2020-07-22T14:52:00,1595443920,2,1.75,350
689,2020-09-18,28,2020-07-22T15:31:00,1595446260,2,1.85,370
690,2020-09-18,28,2020-07-22T15:39:00,1595446740,6,1.79,1074
691,2020-09-18,28,2020-07-23T12:30:00,1595521800,5,1.72,860
692,2020-09-18,28,2020-07-23T13:20:00,1595524800,10,1.74,1740
693,2020-09-18,28,2020-07-23T13:54:00,1595526840,10,1.94,1940
694,2020-09-18,28,2020-07-23T14:22:00,1595528520,2,1.97,394
695,2020-09-18,28,2020-07-23T14:34:00,1595529240,2,1.89,378
696,2020-09-18,28,2020-07-23T14:44:00,1595529840,25,1.9,4750
697,2020-09-18,28,2020-07-23T14:51:00,1595530260,25,1.92,4800
698,2020-09-18,28,2020-07-23T15:00:00,1595530800,3,1.88,564
699,2020-09-18,28,2020-07-24T09:39:00,1595597940,1,2.44,244
700,2020-09-18,28,2020-07-24T09:41:00,1595598060,1,2.41,241
701,2020-09-18,28,2020-07-24T09:48:00,1595598480,1,2.4,240
702,2020-09-18,28,2020-07-24T09:49:00,1595598540,1,2.38,238
703,2020-09-18,28,2020-07-24T09:52:00,1595598720,1,2.48,248
704,2020-09-18,28,2020-07-24T09:53:00,1595598780,2,2.49,498
705,2020-09-18,28,2020-07-24T10:07:00,1595599620,2,2.27,454
706,2020-09-18,28,2020-07-24T10:08:00,1595599680,3,2.26,678
707,2020-09-18,28,2020-07-24T10:18:00,1595600280,1,2.28,228
708,2020-09-18,28,2020-07-24T10:20:00,1595600400,1,2.31,231
709,2020-09-18,28,2020-07-24T11:32:00,1595604720,10,2.11,2110
710,2020-09-18,28,2020-07-24T11:33:00,1595604780,10,2.1,2100
711,2020-09-18,28,2020-07-24T11:39:00,1595605140,3,2.1,630
712,2020-09-18,28,2020-07-24T11:49:00,1595605740,2,2.19,438
713,2020-09-18,28,2020-07-24T12:03:00,1595606580,18,2.21,3978
714,2020-09-18,28,2020-07-24T12:14:00,1595607240,10,2.25,2250
715,2020-09-18,28,2020-07-24T13:11:00,1595610660,4,2.3,920
716,2020-09-18,28,2020-07-24T13:17:00,1595611020,8,2.3,1840
717,2020-09-18,28,2020-07-24T15:02:00,1595617320,4,2.23,892
718,2020-09-18,28,2020-07-27T09:39:00,1595857140,3,2.29,687
719,2020-09-18,28,2020-07-27T09:49:00,1595857740,100,2.23,22300
720,2020-09-18,28,2020-07-27T10:19:00,1595859540,10,2.2,2200
721,2020-09-18,28,2020-07-27T11:53:00,1595865180,3,2.3,690
722,2020-09-18,28,2020-07-27T12:11:00,1595866260,1,2.22,222
723,2020-09-18,28,2020-07-27T12:52:00,1595868720,6,2.2,1320
724,2020-09-18,28,2020-07-27T13:31:00,1595871060,1,2.2,220
725,2020-09-18,28,2020-07-27T13:40:00,1595871600,1,2.19,219
726,2020-09-18,28,2020-07-27T13:57:00,1595872620,5,2.19,1095
727,2020-09-18,28,2020-07-27T14:22:00,1595874120,1,2.15,215
728,2020-09-18,28,2020-07-27T15:44:00,1595879040,2,2.22,444
729,2020-09-18,28,2020-07-28T09:30:00,1595943000,63,2.198095,13848
730,2020-09-18,28,2020-07-28T10:17:00,1595945820,5,2.382,1191
731,2020-09-18,28,2020-07-28T11:24:00,1595949840,2,2.36,472
732,2020-09-18,28,2020-07-28T11:36:00,1595950560,2,2.33,466
733,2020-09-18,28,2020-07-28T11:46:00,1595951160,1,2.34,234
734,2020-09-18,28,2020-07-28T12:03:00,1595952180,1,2.37,237
735,2020-09-18,28,2020-07-28T12:14:00,1595952840,1,2.35,235
736,2020-09-18,28,2020-07-28T12:31:00,1595953860,3,2.36,708
737,2020-09-18,28,2020-07-28T13:06:00,1595955960,10,2.283,2283
738,2020-09-18,28,2020-07-28T14:06:00,1595959560,1,2.25,225
739,2020-09-18,28,2020-07-28T14:21:00,1595960460,20,2.3,4600
740,2020-09-18,28,2020-07-28T14:31:00,1595961060,1,2.35,235
741,2020-09-18,28,2020-07-28T14:33:00,1595961180,4,2.35,940
742,2020-09-18,28,2020-07-28T14:34:00,1595961240,5,2.35,1175
743,2020-09-18,28,2020-07-28T14:39:00,1595961540,2,2.35,470
744,2020-09-18,28,2020-07-28T15:12:00,1595963520,3,2.45,735
745,2020-09-18,28,2020-07-28T15:33:00,1595964780,1,2.49,249
746,2020-09-18,28,2020-07-28T15:39:00,1595965140,3,2.5,750
747,2020-09-18,28,2020-07-28T15:45:00,1595965500,5,2.49,1245
748,2020-09-18,28,2020-07-28T15:47:00,1595965620,2,2.45,490
749,2020-09-18,28,2020-07-28T15:50:00,1595965800,2,2.41,482
750,2020-09-18,28,2020-07-29T09:33:00,1596029580,2,2.42,484
751,2020-09-18,28,2020-07-29T09:57:00,1596031020,4,2.3675,947
752,2020-09-18,28,2020-07-29T10:32:00,1596033120,1,2.36,236
753,2020-09-18,28,2020-07-29T10:53:00,1596034380,1,2.26,226
754,2020-09-18,28,2020-07-29T11:35:00,1596036900,208,2.334375,48555
755,2020-09-18,28,2020-07-29T12:09:00,1596038940,5,2.386,1193
756,2020-09-18,28,2020-07-29T12:10:00,1596039000,1,2.4,240
757,2020-09-18,28,2020-07-29T12:27:00,1596040020,3,2.38,714
758,2020-09-18,28,2020-07-29T13:03:00,1596042180,1,2.43,243
759,2020-09-18,28,2020-07-29T13:20:00,1596043200,1,2.4,240
760,2020-09-18,28,2020-07-29T13:59:00,1596045540,2,2.4,480
761,2020-09-18,28,2020-07-29T14:27:00,1596047220,1,2.48,248
762,2020-09-18,28,2020-07-30T09:41:00,1596116460,1,2.38,238
763,2020-09-18,28,2020-07-30T10:44:00,1596120240,3,2.54,762
764,2020-09-18,28,2020-07-30T11:12:00,1596121920,1,2.47,247
765,2020-09-18,28,2020-07-30T11:13:00,1596121980,3,2.43,729
766,2020-09-18,28,2020-07-30T12:58:00,1596128280,10,2.35,2350
767,2020-09-18,28,2020-07-30T13:36:00,1596130560,1,2.29,229
768,2020-09-18,28,2020-07-30T15:05:00,1596135900,2,2.25,450
769,2020-09-18,28,2020-07-30T15:21:00,1596136860,5,2.27,1135
770,2020-09-18,28,2020-07-30T15:22:00,1596136920,7,2.28,1596
771,2020-09-18,28,2020-07-30T15:53:00,1596138780,1,2.31,231
772,2020-09-18,28,2020-07-30T15:57:00,1596139020,2,2.29,458
773,2020-09-18,28,2020-07-31T09:45:00,1596203100,1,2.16,216
774,2020-09-18,28,2020-07-31T10:01:00,1596204060,2,2.17,434
775,2020-09-18,28,2020-07-31T10:39:00,1596206340,4,2.14,856
776,2020-09-18,28,2020-07-31T10:47:00,1596206820,2,2.14,428
777,2020-09-18,28,2020-07-31T11:59:00,1596211140,1,2.19,219
778,2020-09-18,28,2020-07-31T12:25:00,1596212700,10,2.23,2230
779,2020-09-18,28,2020-07-31T12:26:00,1596212760,1,2.22,222
780,2020-09-18,28,2020-07-31T12:27:00,1596212820,11,2.22,2442
781,2020-09-18,28,2020-07-31T13:54:00,1596218040,1,2.17,217
782,2020-09-18,28,2020-07-31T14:15:00,1596219300,1,2.16,216
783,2020-09-18,28,2020-07-31T14:23:00,1596219780,3,2.18,654
784,2020-09-18,28,2020-07-31T14:25:00,1596219900,1,2.16,216
785,2020-09-18,28,2020-07-31T14:30:00,1596220200,1,2.16,216
786,2020-09-18,28,2020-07-31T14:43:00,1596220980,1,2.15,215
787,2020-09-18,28,2020-07-31T14:45:00,1596221100,1,2.15,215
788,2020-09-18,28,2020-07-31T14:46:00,1596221160,7,2.154286,1508
789,2020-09-18,28,2020-07-31T14:49:00,1596221340,1,2.15,215
790,2020-09-18,28,2020-07-31T14:52:00,1596221520,1,2.15,215
791,2020-09-18,28,2020-07-31T14:54:00,1596221640,1,2.15,215
792,2020-09-18,29,2020-07-20T10:33:00,1595255580,2,1.56,312
793,2020-09-18,29,2020-07-20T10:58:00,1595257080,1,1.55,155
794,2020-09-18,29,2020-07-20T11:00:00,1595257200,30,1.53,4590
795,2020-09-18,29,2020-07-20T12:54:00,1595264040,4,1.59,636
796,2020-09-18,29,2020-07-20T12:59:00,1595264340,1,1.59,159
797,2020-09-18,29,2020-07-20T13:29:00,1595266140,9,1.62,1458
798,2020-09-18,29,2020-07-20T13:32:00,1595266320,2,1.62,324
799,2020-09-18,29,2020-07-20T13:54:00,1595267640,2,1.62,324
800,2020-09-18,29,2020-07-20T14:29:00,1595269740,9,1.59,1431
801,2020-09-18,29,2020-07-20T14:56:00,1595271360,5,1.6,800
802,2020-09-18,29,2020-07-20T14:57:00,1595271420,2,1.6,320
803,2020-09-18,29,2020-07-20T14:58:00,1595271480,9,1.6,1440
804,2020-09-18,29,2020-07-20T15:23:00,1595272980,2,1.6,320
805,2020-09-18,29,2020-07-21T11:37:00,1595345820,2,1.5,300
806,2020-09-18,29,2020-07-21T11:44:00,1595346240,2,1.48,296
807,2020-09-18,29,2020-07-21T15:39:00,1595360340,1,1.64,164
808,2020-09-18,29,2020-07-21T15:50:00,1595361000,1,1.66,166
809,2020-09-18,29,2020-07-22T09:46:00,1595425560,1,1.75,175
810,2020-09-18,29,2020-07-22T09:49:00,1595425740,3,1.8,540
811,2020-09-18,29,2020-07-22T09:50:00,1595425800,1,1.76,176
812,2020-09-18,29,2020-07-22T09:52:00,1595425920,1,1.77,177
813,2020-09-18,29,2020-07-22T10:34:00,1595428440,1,1.9,190
814,2020-09-18,29,2020-07-22T10:44:00,1595429040,5,1.97,985
815,2020-09-18,29,2020-07-22T10:49:00,1595429340,2,2.05,410
816,2020-09-18,29,2020-07-22T12:32:00,1595435520,6,2,1200
817,2020-09-18,29,2020-07-22T12:46:00,1595436360,5,2,1000
818,2020-09-18,29,2020-07-22T13:04:00,1595437440,1,2.07,207
819,2020-09-18,29,2020-07-22T13:14:00,1595438040,1,2.1,210
820,2020-09-18,29,2020-07-22T13:41:00,1595439660,1,2.06,206
821,2020-09-18,29,2020-07-22T14:07:00,1595441220,1,2.19,219
822,2020-09-18,29,2020-07-22T14:32:00,1595442720,1,2.29,229
823,2020-09-18,29,2020-07-22T14:43:00,1595443380,2,2.295,459
824,2020-09-18,29,2020-07-22T14:49:00,1595443740,3,2.26,678
825,2020-09-18,29,2020-07-23T09:34:00,1595511240,1,2.31,231
826,2020-09-18,29,2020-07-23T09:35:00,1595511300,5,2.2,1100
827,2020-09-18,29,2020-07-23T09:59:00,1595512740,1,2.03,203
828,2020-09-18,29,2020-07-23T11:27:00,1595518020,30,2.041667,6125
829,2020-09-18,29,2020-07-23T11:55:00,1595519700,2,2.09,418
830,2020-09-18,29,2020-07-23T13:07:00,1595524020,1,2.18,218
831,2020-09-18,29,2020-07-23T13:49:00,1595526540,1,2.42,242
832,2020-09-18,29,2020-07-23T14:41:00,1595529660,1,2.37,237
833,2020-09-18,29,2020-07-23T15:56:00,1595534160,4,2.41,964
834,2020-09-18,29,2020-07-24T09:33:00,1595597580,6,2.671667,1603
835,2020-09-18,29,2020-07-24T09:34:00,1595597640,6,2.76,1656
836,2020-09-18,29,2020-07-24T09:41:00,1595598060,1,2.91,291
837,2020-09-18,29,2020-07-24T10:07:00,1595599620,1,2.74,274
838,2020-09-18,29,2020-07-24T10:11:00,1595599860,7,2.84,1988
839,2020-09-18,29,2020-07-24T10:18:00,1595600280,3,2.8,840
840,2020-09-18,29,2020-07-24T10:36:00,1595601360,2,2.8,560
841,2020-09-18,29,2020-07-24T10:37:00,1595601420,2,2.75,550
842,2020-09-18,29,2020-07-24T10:38:00,1595601480,2,2.7,540
843,2020-09-18,29,2020-07-24T10:40:00,1595601600,4,2.7,1080
844,2020-09-18,29,2020-07-24T10:41:00,1595601660,8,2.7,2160
845,2020-09-18,29,2020-07-24T10:42:00,1595601720,1,2.68,268
846,2020-09-18,29,2020-07-24T10:44:00,1595601840,14,2.65,3710
847,2020-09-18,29,2020-07-24T10:46:00,1595601960,1,2.6,260
848,2020-09-18,29,2020-07-24T10:53:00,1595602380,7,2.622857,1836
849,2020-09-18,29,2020-07-24T10:56:00,1595602560,50,2.55,12750
850,2020-09-18,29,2020-07-24T11:32:00,1595604720,10,2.6,2600
851,2020-09-18,29,2020-07-24T11:39:00,1595605140,3,2.6,780
852,2020-09-18,29,2020-07-24T12:23:00,1595607780,1,2.78,278
853,2020-09-18,29,2020-07-24T13:26:00,1595611560,2,2.845,569
854,2020-09-18,29,2020-07-24T13:47:00,1595612820,1,2.76,276
855,2020-09-18,29,2020-07-24T13:54:00,1595613240,10,2.75,2750
856,2020-09-18,29,2020-07-24T14:15:00,1595614500,1,2.66,266
857,2020-09-18,29,2020-07-24T14:38:00,1595615880,2,2.71,542
858,2020-09-18,29,2020-07-24T15:02:00,1595617320,2,2.74,548
859,2020-09-18,29,2020-07-24T15:06:00,1595617560,10,2.73,2730
860,2020-09-18,29,2020-07-24T15:20:00,1595618400,3,2.64,792
861,2020-09-18,29,2020-07-24T15:25:00,1595618700,1,2.59,259
862,2020-09-18,29,2020-07-27T09:46:00,1595857560,1,2.78,278
863,2020-09-18,29,2020-07-27T10:11:00,1595859060,3,2.76,828
864,2020-09-18,29,2020-07-27T10:15:00,1595859300,1,2.75,275
865,2020-09-18,29,2020-07-27T10:22:00,1595859720,5,2.75,1375
866,2020-09-18,29,2020-07-27T10:32:00,1595860320,3,2.78,834
867,2020-09-18,29,2020-07-27T10:35:00,1595860500,16,2.754375,4407
868,2020-09-18,29,2020-07-27T10:36:00,1595860560,1,2.75,275
869,2020-09-18,29,2020-07-27T10:37:00,1595860620,2,2.75,550
870,2020-09-18,29,2020-07-27T10:48:00,1595861280,1,2.7,270
871,2020-09-18,29,2020-07-27T10:59:00,1595861940,1,2.7,270
872,2020-09-18,29,2020-07-27T11:01:00,1595862060,1,2.68,268
873,2020-09-18,29,2020-07-27T11:02:00,1595862120,1,2.7,270
874,2020-09-18,29,2020-07-27T11:08:00,1595862480,2,2.7,540
875,2020-09-18,29,2020-07-27T11:11:00,1595862660,2,2.72,544
876,2020-09-18,29,2020-07-27T11:13:00,1595862780,38,2.76,10488
877,2020-09-18,29,2020-07-27T11:29:00,1595863740,2,2.87,574
878,2020-09-18,29,2020-07-27T14:43:00,1595875380,1,2.68,268
879,2020-09-18,29,2020-07-27T15:25:00,1595877900,3,2.7,810
880,2020-09-18,29,2020-07-27T15:42:00,1595878920,8,2.71,2168
881,2020-09-18,29,2020-07-28T09:34:00,1595943240,1,2.81,281
882,2020-09-18,29,2020-07-28T09:50:00,1595944200,1,2.75,275
883,2020-09-18,29,2020-07-28T10:10:00,1595945400,2,2.87,574
884,2020-09-18,29,2020-07-28T10:31:00,1595946660,3,2.8,840
885,2020-09-18,29,2020-07-28T10:32:00,1595946720,1,2.8,280
886,2020-09-18,29,2020-07-28T10:34:00,1595946840,4,2.8,1120
887,2020-09-18,29,2020-07-28T10:37:00,1595947020,19,2.82,5358
888,2020-09-18,29,2020-07-28T10:43:00,1595947380,3,2.84,852
889,2020-09-18,29,2020-07-28T10:46:00,1595947560,1,2.85,285
890,2020-09-18,29,2020-07-28T10:50:00,1595947800,1,2.85,285
891,2020-09-18,29,2020-07-28T10:51:00,1595947860,1,2.85,285
892,2020-09-18,29,2020-07-28T10:52:00,1595947920,19,2.873684,5460
893,2020-09-18,29,2020-07-28T10:54:00,1595948040,10,2.85,2850
894,2020-09-18,29,2020-07-28T10:56:00,1595948160,19,2.842632,5401
895,2020-09-18,29,2020-07-28T10:58:00,1595948280,7,2.86,2002
896,2020-09-18,29,2020-07-28T11:02:00,1595948520,1,2.85,285
897,2020-09-18,29,2020-07-28T11:12:00,1595949120,18,2.85,5130
898,2020-09-18,29,2020-07-28T11:30:00,1595950200,1,2.84,284
899,2020-09-18,29,2020-07-28T11:32:00,1595950320,2,2.86,572
900,2020-09-18,29,2020-07-28T11:36:00,1595950560,2,2.86,572
901,2020-09-18,29,2020-07-28T11:38:00,1595950680,2,2.85,570
902,2020-09-18,29,2020-07-28T11:39:00,1595950740,4,2.85,1140
903,2020-09-18,29,2020-07-28T11:45:00,1595951100,1,2.88,288
904,2020-09-18,29,2020-07-28T11:46:00,1595951160,2,2.88,576
905,2020-09-18,29,2020-07-28T14:03:00,1595959380,2,2.8,560
906,2020-09-18,29,2020-07-28T14:18:00,1595960280,4,2.8,1120
907,2020-09-18,29,2020-07-28T14:38:00,1595961480,1,2.9,290
908,2020-09-18,29,2020-07-28T15:02:00,1595962920,2,2.95,590
909,2020-09-18,29,2020-07-28T15:44:00,1595965440,1,3.05,305
910,2020-09-18,29,2020-07-28T15:47:00,1595965620,4,2.995,1198
911,2020-09-18,29,2020-07-28T15:49:00,1595965740,1,2.98,298
912,2020-09-18,29,2020-07-29T10:07:00,1596031620,1,2.88,288
913,2020-09-18,29,2020-07-29T10:53:00,1596034380,1,2.79,279
914,2020-09-18,29,2020-07-29T14:00:00,1596045600,2,2.9,580
915,2020-09-18,29,2020-07-30T10:05:00,1596117900,3,3.15,945
916,2020-09-18,29,2020-07-30T10:46:00,1596120360,1,3.11,311
917,2020-09-18,29,2020-07-30T11:05:00,1596121500,1,3.05,305
918,2020-09-18,29,2020-07-30T11:14:00,1596122040,3,3.01,903
919,2020-09-18,29,2020-07-30T11:21:00,1596122460,1,2.96,296
920,2020-09-18,29,2020-07-30T12:16:00,1596125760,1,2.8,280
921,2020-09-18,29,2020-07-30T12:32:00,1596126720,1,2.8,280
922,2020-09-18,29,2020-07-30T13:01:00,1596128460,2,2.91,582
923,2020-09-18,29,2020-07-30T13:37:00,1596130620,3,2.8,840
924,2020-09-18,29,2020-07-30T15:05:00,1596135900,5,2.81,1405
925,2020-09-18,29,2020-07-31T09:50:00,1596203400,1,2.77,277
926,2020-09-18,29,2020-07-31T09:55:00,1596203700,3,2.64,792
927,2020-09-18,29,2020-07-31T10:27:00,1596205620,1,2.81,281
928,2020-09-18,29,2020-07-31T10:32:00,1596205920,2,2.75,550
929,2020-09-18,29,2020-07-31T10:40:00,1596206400,20,2.73,5460
930,2020-09-18,29,2020-07-31T10:48:00,1596206880,2,2.625,525
931,2020-09-18,29,2020-07-31T10:53:00,1596207180,2,2.65,530
932,2020-09-18,29,2020-07-31T10:57:00,1596207420,4,2.63,1052
933,2020-09-18,29,2020-07-31T11:00:00,1596207600,1,2.62,262
934,2020-09-18,29,2020-07-31T11:12:00,1596208320,7,2.6,1820
935,2020-09-18,29,2020-07-31T11:35:00,1596209700,3,2.65,795
936,2020-09-18,29,2020-07-31T11:36:00,1596209760,3,2.69,807
937,2020-09-18,29,2020-07-31T13:13:00,1596215580,2,2.82,564
938,2020-09-18,29,2020-07-31T13:21:00,1596216060,1,2.8,280
939,2020-09-18,29,2020-07-31T13:41:00,1596217260,1,2.75,275
940,2020-09-18,29,2020-07-31T13:44:00,1596217440,1,2.75,275
941,2020-09-18,29,2020-07-31T13:54:00,1596218040,1,2.7,270
942,2020-09-18,29,2020-07-31T14:02:00,1596218520,20,2.67,5340
943,2020-09-18,29,2020-07-31T14:03:00,1596218580,2,2.7,540
944,2020-09-18,29,2020-07-31T14:42:00,1596220920,1,2.68,268
945,2020-09-18,29,2020-07-31T14:48:00,1596221280,1,2.69,269
946,2020-09-18,29,2020-07-31T15:28:00,1596223680,5,2.644,1322
947,2020-09-18,29,2020-07-31T15:39:00,1596224340,2,2.65,530
948,2020-09-18,30,2020-07-20T09:36:00,1595252160,6,2.24,1344
949,2020-09-18,30,2020-07-20T09:45:00,1595252700,4,2.11,844
950,2020-09-18,30,2020-07-20T10:53:00,1595256780,1,1.9,190
951,2020-09-18,30,2020-07-20T10:54:00,1595256840,4,1.88,752
952,2020-09-18,30,2020-07-20T10:55:00,1595256900,1,1.88,188
953,2020-09-18,30,2020-07-20T10:56:00,1595256960,1,1.89,189
954,2020-09-18,30,2020-07-20T11:03:00,1595257380,4,1.92,768
955,2020-09-18,30,2020-07-20T11:19:00,1595258340,3,1.94,582
956,2020-09-18,30,2020-07-20T11:27:00,1595258820,1,1.96,196
957,2020-09-18,30,2020-07-20T12:20:00,1595262000,1,1.92,192
958,2020-09-18,30,2020-07-20T12:22:00,1595262120,10,1.95,1950
959,2020-09-18,30,2020-07-20T13:17:00,1595265420,1,1.97,197
960,2020-09-18,30,2020-07-20T13:20:00,1595265600,1,2,200
961,2020-09-18,30,2020-07-20T14:26:00,1595269560,2,1.99,398
962,2020-09-18,30,2020-07-21T09:56:00,1595339760,2,1.85,370
963,2020-09-18,30,2020-07-21T10:06:00,1595340360,1,1.82,182
964,2020-09-18,30,2020-07-21T10:12:00,1595340720,2,1.83,366
965,2020-09-18,30,2020-07-21T11:52:00,1595346720,2,1.89,378
966,2020-09-18,30,2020-07-21T12:00:00,1595347200,12,1.89,2268
967,2020-09-18,30,2020-07-21T12:02:00,1595347320,2,2.005,401
968,2020-09-18,30,2020-07-21T12:03:00,1595347380,2,2.01,402
969,2020-09-18,30,2020-07-21T15:10:00,1595358600,4,1.96,784
970,2020-09-18,30,2020-07-21T15:34:00,1595360040,3,2,600
971,2020-09-18,30,2020-07-21T15:56:00,1595361360,2,2.06,412
972,2020-09-18,30,2020-07-21T15:57:00,1595361420,1,2.05,205
973,2020-09-18,30,2020-07-22T09:46:00,1595425560,2,2.145,429
974,2020-09-18,30,2020-07-22T09:49:00,1595425740,1,2.2,220
975,2020-09-18,30,2020-07-22T10:25:00,1595427900,2,2.25,450
976,2020-09-18,30,2020-07-22T10:34:00,1595428440,1,2.35,235
977,2020-09-18,30,2020-07-22T10:35:00,1595428500,5,2.36,1180
978,2020-09-18,30,2020-07-22T10:37:00,1595428620,4,2.34,936
979,2020-09-18,30,2020-07-22T10:39:00,1595428740,3,2.3,690
980,2020-09-18,30,2020-07-22T10:49:00,1595429340,3,2.5,750
981,2020-09-18,30,2020-07-22T11:02:00,1595430120,1,2.47,247
982,2020-09-18,30,2020-07-22T11:06:00,1595430360,1,2.45,245
983,2020-09-18,30,2020-07-22T11:13:00,1595430780,1,2.39,239
984,2020-09-18,30,2020-07-22T11:21:00,1595431260,1,2.37,237
985,2020-09-18,30,2020-07-22T11:43:00,1595432580,1,2.4,240
986,2020-09-18,30,2020-07-22T12:54:00,1595436840,1,2.55,255
987,2020-09-18,30,2020-07-22T13:02:00,1595437320,2,2.55,510
988,2020-09-18,30,2020-07-22T13:33:00,1595439180,3,2.63,789
989,2020-09-18,30,2020-07-22T14:19:00,1595441940,4,2.72,1088
990,2020-09-18,30,2020-07-22T14:29:00,1595442540,1,2.72,272
991,2020-09-18,30,2020-07-22T14:45:00,1595443500,1,2.78,278
992,2020-09-18,30,2020-07-22T14:53:00,1595443980,3,2.686667,806
993,2020-09-18,30,2020-07-22T15:00:00,1595444400,1,2.72,272
994,2020-09-18,30,2020-07-22T15:29:00,1595446140,5,2.75,1375
995,2020-09-18,30,2020-07-22T15:56:00,1595447760,1,2.68,268
996,2020-09-18,30,2020-07-23T09:30:00,1595511000,30,2.74,8220
997,2020-09-18,30,2020-07-23T09:34:00,1595511240,2,2.81,562
998,2020-09-18,30,2020-07-23T09:41:00,1595511660,1,2.56,256
999,2020-09-18,30,2020-07-23T10:26:00,1595514360,1,2.45,245
1000,2020-09-18,30,2020-07-23T10:27:00,1595514420,10,2.43,2430
1001,2020-09-18,30,2020-07-23T11:29:00,1595518140,5,2.554,1277
1002,2020-09-18,30,2020-07-23T11:30:00,1595518200,3,2.55,765
1003,2020-09-18,30,2020-07-23T12:01:00,1595520060,5,2.6,1300
1004,2020-09-18,30,2020-07-23T12:24:00,1595521440,1,2.63,263
1005,2020-09-18,30,2020-07-23T12:30:00,1595521800,5,2.62,1310
1006,2020-09-18,30,2020-07-23T12:47:00,1595522820,3,2.71,813
1007,2020-09-18,30,2020-07-23T12:48:00,1595522880,1,2.72,272
1008,2020-09-18,30,2020-07-23T13:49:00,1595526540,1,2.95,295
1009,2020-09-18,30,2020-07-23T13:55:00,1595526900,1,2.96,296
1010,2020-09-18,30,2020-07-23T13:59:00,1595527140,1,2.88,288
1011,2020-09-18,30,2020-07-23T14:11:00,1595527860,1,2.92,292
1012,2020-09-18,30,2020-07-23T14:13:00,1595527980,36,3,10800
1013,2020-09-18,30,2020-07-23T14:25:00,1595528700,6,2.916667,1750
1014,2020-09-18,30,2020-07-23T14:27:00,1595528820,5,2.89,1445
1015,2020-09-18,30,2020-07-23T14:32:00,1595529120,1,2.85,285
1016,2020-09-18,30,2020-07-23T14:45:00,1595529900,4,2.88,1152
1017,2020-09-18,30,2020-07-23T15:12:00,1595531520,1,2.88,288
1018,2020-09-18,30,2020-07-23T15:47:00,1595533620,5,2.89,1445
1019,2020-09-18,30,2020-07-24T09:30:00,1595597400,7,3.114286,2180
1020,2020-09-18,30,2020-07-24T09:34:00,1595597640,2,3.45,690
1021,2020-09-18,30,2020-07-24T09:39:00,1595597940,5,3.6,1800
1022,2020-09-18,30,2020-07-24T09:41:00,1595598060,2,3.47,694
1023,2020-09-18,30,2020-07-24T09:42:00,1595598120,1,3.55,355
1024,2020-09-18,30,2020-07-24T09:50:00,1595598600,3,3.533333,1060
1025,2020-09-18,30,2020-07-24T09:51:00,1595598660,2,3.6,720
1026,2020-09-18,30,2020-07-24T09:52:00,1595598720,1,3.6,360
1027,2020-09-18,30,2020-07-24T09:53:00,1595598780,2,3.61,722
1028,2020-09-18,30,2020-07-24T09:55:00,1595598900,1,3.43,343
1029,2020-09-18,30,2020-07-24T10:00:00,1595599200,1,3.32,332
1030,2020-09-18,30,2020-07-24T10:33:00,1595601180,34,3.4,11560
1031,2020-09-18,30,2020-07-24T10:35:00,1595601300,81,3.4,27540
1032,2020-09-18,30,2020-07-24T11:49:00,1595605740,5,3.21,1605
1033,2020-09-18,30,2020-07-24T12:27:00,1595608020,1,3.33,333
1034,2020-09-18,30,2020-07-24T14:09:00,1595614140,4,3.24,1296
1035,2020-09-18,30,2020-07-24T14:29:00,1595615340,3,3.25,975
1036,2020-09-18,30,2020-07-24T15:02:00,1595617320,4,3.29,1316
1037,2020-09-18,30,2020-07-24T15:27:00,1595618820,20,3.1,6200
1038,2020-09-18,30,2020-07-24T15:44:00,1595619840,20,3.2,6400
1039,2020-09-18,30,2020-07-27T09:43:00,1595857380,2,3.4,680
1040,2020-09-18,30,2020-07-27T09:46:00,1595857560,1,3.34,334
1041,2020-09-18,30,2020-07-27T10:35:00,1595860500,10,3.35,3350
1042,2020-09-18,30,2020-07-27T10:38:00,1595860680,40,3.3,13200
1043,2020-09-18,30,2020-07-27T10:55:00,1595861700,3,3.27,981
1044,2020-09-18,30,2020-07-27T11:18:00,1595863080,7,3.35,2345
1045,2020-09-18,30,2020-07-27T11:38:00,1595864280,1,3.45,345
1046,2020-09-18,30,2020-07-27T11:44:00,1595864640,100,3.3735,33735
1047,2020-09-18,30,2020-07-27T12:11:00,1595866260,1,3.3,330
1048,2020-09-18,30,2020-07-27T12:23:00,1595866980,1,3.25,325
1049,2020-09-18,30,2020-07-27T12:35:00,1595867700,10,3.25,3250
1050,2020-09-18,30,2020-07-27T13:03:00,1595869380,4,3.2625,1305
1051,2020-09-18,30,2020-07-27T13:04:00,1595869440,1,3.25,325
1052,2020-09-18,30,2020-07-27T13:06:00,1595869560,1,3.25,325
1053,2020-09-18,30,2020-07-27T13:09:00,1595869740,2,3.25,650
1054,2020-09-18,30,2020-07-27T14:00:00,1595872800,10,3.25,3250
1055,2020-09-18,30,2020-07-27T14:07:00,1595873220,1,3.27,327
1056,2020-09-18,30,2020-07-27T14:20:00,1595874000,1,3.19,319
1057,2020-09-18,30,2020-07-27T14:49:00,1595875740,1,3.25,325
1058,2020-09-18,30,2020-07-27T15:14:00,1595877240,2,3.2,640
1059,2020-09-18,30,2020-07-27T15:35:00,1595878500,2,3.27,654
1060,2020-09-18,30,2020-07-27T15:39:00,1595878740,1,3.27,327
1061,2020-09-18,30,2020-07-28T09:30:00,1595943000,66,3.265,21549
1062,2020-09-18,30,2020-07-28T09:33:00,1595943180,7,3.37,2359
1063,2020-09-18,30,2020-07-28T09:41:00,1595943660,1,3.32,332
1064,2020-09-18,30,2020-07-28T10:05:00,1595945100,1,3.54,354
1065,2020-09-18,30,2020-07-28T10:06:00,1595945160,1,3.6,360
1066,2020-09-18,30,2020-07-28T10:35:00,1595946900,4,3.4,1360
1067,2020-09-18,30,2020-07-28T10:36:00,1595946960,18,3.4,6120
1068,2020-09-18,30,2020-07-28T10:37:00,1595947020,15,3.4,5100
1069,2020-09-18,30,2020-07-28T10:38:00,1595947080,8,3.4,2720
1070,2020-09-18,30,2020-07-28T10:39:00,1595947140,24,3.4,8160
1071,2020-09-18,30,2020-07-28T10:41:00,1595947260,8,3.4,2720
1072,2020-09-18,30,2020-07-28T10:55:00,1595948100,18,3.4,6120
1073,2020-09-18,30,2020-07-28T11:03:00,1595948580,1,3.4,340
1074,2020-09-18,30,2020-07-28T11:31:00,1595950260,2,3.43,686
1075,2020-09-18,30,2020-07-28T11:39:00,1595950740,13,3.43,4459
1076,2020-09-18,30,2020-07-28T11:42:00,1595950920,5,3.416,1708
1077,2020-09-18,30,2020-07-28T11:58:00,1595951880,1,3.49,349
1078,2020-09-18,30,2020-07-28T12:03:00,1595952180,10,3.5,3500
1079,2020-09-18,30,2020-07-28T12:13:00,1595952780,1,3.5,350
1080,2020-09-18,30,2020-07-28T12:21:00,1595953260,1,3.48,348
1081,2020-09-18,30,2020-07-28T14:44:00,1595961840,3,3.5,1050
1082,2020-09-18,30,2020-07-28T14:56:00,1595962560,4,3.52,1408
1083,2020-09-18,30,2020-07-29T09:34:00,1596029640,1,3.45,345
1084,2020-09-18,30,2020-07-29T10:32:00,1596033120,1,3.48,348
1085,2020-09-18,30,2020-07-29T10:40:00,1596033600,1,3.4,340
1086,2020-09-18,30,2020-07-29T12:04:00,1596038640,10,3.49,3490
1087,2020-09-18,30,2020-07-29T12:55:00,1596041700,1,3.57,357
1088,2020-09-18,30,2020-07-29T13:16:00,1596042960,2,3.55,710
1089,2020-09-18,30,2020-07-29T13:35:00,1596044100,2,3.57,714
1090,2020-09-18,30,2020-07-29T14:00:00,1596045600,2,3.43,686
1091,2020-09-18,30,2020-07-29T14:22:00,1596046920,2,3.62,724
1092,2020-09-18,30,2020-07-29T14:25:00,1596047100,1,3.65,365
1093,2020-09-18,30,2020-07-29T14:36:00,1596047760,2,3.6,720
1094,2020-09-18,30,2020-07-29T14:49:00,1596048540,2,3.55,710
1095,2020-09-18,30,2020-07-29T14:50:00,1596048600,4,3.55,1420
1096,2020-09-18,30,2020-07-29T15:00:00,1596049200,1,3.6,360
1097,2020-09-18,30,2020-07-30T09:31:00,1596115860,1,3.59,359
1098,2020-09-18,30,2020-07-30T09:34:00,1596116040,1,3.5,350
1099,2020-09-18,30,2020-07-30T11:14:00,1596122040,3,3.62,1086
1100,2020-09-18,30,2020-07-30T11:21:00,1596122460,1,3.57,357
1101,2020-09-18,30,2020-07-30T11:33:00,1596123180,5,3.49,1745
1102,2020-09-18,30,2020-07-30T12:10:00,1596125400,1,3.4,340
1103,2020-09-18,30,2020-07-30T13:36:00,1596130560,1,3.39,339
1104,2020-09-18,30,2020-07-30T14:57:00,1596135420,3,3.35,1005
1105,2020-09-18,30,2020-07-31T09:30:00,1596202200,1,3.31,331
1106,2020-09-18,30,2020-07-31T09:34:00,1596202440,2,3.35,670
1107,2020-09-18,30,2020-07-31T10:06:00,1596204360,3,3.313333,994
1108,2020-09-18,30,2020-07-31T10:10:00,1596204600,1,3.5,350
1109,2020-09-18,30,2020-07-31T10:14:00,1596204840,1650,3.4,561000
1110,2020-09-18,30,2020-07-31T10:28:00,1596205680,3,3.35,1005
1111,2020-09-18,30,2020-07-31T10:35:00,1596206100,1,3.31,331
1112,2020-09-18,30,2020-07-31T11:05:00,1596207900,1,3.15,315
1113,2020-09-18,30,2020-07-31T11:06:00,1596207960,1,3.15,315
1114,2020-09-18,30,2020-07-31T11:12:00,1596208320,7,3.16,2212
1115,2020-09-18,30,2020-07-31T11:20:00,1596208800,1,3.24,324
1116,2020-09-18,30,2020-07-31T11:35:00,1596209700,5,3.22,1610
1117,2020-09-18,30,2020-07-31T11:57:00,1596211020,10,3.32,3320
1118,2020-09-18,30,2020-07-31T12:47:00,1596214020,4,3.35,1340
1119,2020-09-18,30,2020-07-31T13:24:00,1596216240,1,3.35,335
1120,2020-09-18,30,2020-07-31T13:59:00,1596218340,1,3.3,330
1121,2020-09-18,30,2020-07-31T14:52:00,1596221520,1,3.22,322
1122,2020-09-18,30,2020-07-31T14:54:00,1596221640,5,3.25,1625
1123,2020-09-18,30,2020-07-31T14:55:00,1596221700,15000,3.26,4890000
1124,2020-09-18,30,2020-07-31T14:58:00,1596221880,1,3.25,325
1125,2020-09-18,30,2020-07-31T15:17:00,1596223020,6,3.24,1944
1126,2020-09-18,30,2020-07-31T15:25:00,1596223500,4,3.19,1276
1127,2020-09-18,30,2020-07-31T15:49:00,1596224940,1,3.16,316
1128,2020-09-18,30,2020-07-31T15:53:00,1596225180,900,3.17,285300
1129,2020-09-18,31,2020-07-20T09:37:00,1595252220,7,2.7,1890
1130,2020-09-18,31,2020-07-20T09:39:00,1595252340,6,2.715,1629
1131,2020-09-18,31,2020-07-20T09:43:00,1595252580,5,2.64,1320
1132,2020-09-18,31,2020-07-20T13:20:00,1595265600,9,2.44,2196
1133,2020-09-18,31,2020-07-20T13:21:00,1595265660,2,2.44,488
1134,2020-09-18,31,2020-07-20T13:23:00,1595265780,1,2.43,243
1135,2020-09-18,31,2020-07-20T13:25:00,1595265900,2,2.44,488
1136,2020-09-18,31,2020-07-20T15:15:00,1595272500,1,2.4,240
1137,2020-09-18,31,2020-07-21T09:35:00,1595338500,1,2.26,226
1138,2020-09-18,31,2020-07-21T09:55:00,1595339700,50,2.22,11100
1139,2020-09-18,31,2020-07-21T12:57:00,1595350620,20,2.4295,4859
1140,2020-09-18,31,2020-07-21T14:01:00,1595354460,1,2.39,239
1141,2020-09-18,31,2020-07-21T14:06:00,1595354760,1,2.37,237
1142,2020-09-18,31,2020-07-21T15:10:00,1595358600,14,2.4,3360
1143,2020-09-18,31,2020-07-22T09:30:00,1595424600,3,2.5,750
1144,2020-09-18,31,2020-07-22T09:43:00,1595425380,5,2.62,1310
1145,2020-09-18,31,2020-07-22T09:45:00,1595425500,1,2.6,260
1146,2020-09-18,31,2020-07-22T09:49:00,1595425740,16,2.69,4304
1147,2020-09-18,31,2020-07-22T10:35:00,1595428500,1,2.83,283
1148,2020-09-18,31,2020-07-22T10:37:00,1595428620,1,2.83,283
1149,2020-09-18,31,2020-07-22T11:02:00,1595430120,6,2.95,1770
1150,2020-09-18,31,2020-07-22T11:15:00,1595430900,1,2.9,290
1151,2020-09-18,31,2020-07-22T12:10:00,1595434200,1,2.91,291
1152,2020-09-18,31,2020-07-22T12:14:00,1595434440,1,2.88,288
1153,2020-09-18,31,2020-07-22T12:32:00,1595435520,5,2.97,1485
1154,2020-09-18,31,2020-07-22T12:33:00,1595435580,1,2.98,298
1155,2020-09-18,31,2020-07-22T12:35:00,1595435700,1,3,300
1156,2020-09-18,31,2020-07-22T12:42:00,1595436120,2,3,600
1157,2020-09-18,31,2020-07-22T12:44:00,1595436240,5,3.01,1505
1158,2020-09-18,31,2020-07-22T12:46:00,1595436360,1,3,300
1159,2020-09-18,31,2020-07-22T12:53:00,1595436780,4,3.05,1220
1160,2020-09-18,31,2020-07-22T12:54:00,1595436840,6,3.05,1830
1161,2020-09-18,31,2020-07-22T12:57:00,1595437020,3,3.1,930
1162,2020-09-18,31,2020-07-22T13:16:00,1595438160,2,3.09,618
1163,2020-09-18,31,2020-07-22T13:18:00,1595438280,1,3.12,312
1164,2020-09-18,31,2020-07-22T13:35:00,1595439300,1,3.15,315
1165,2020-09-18,31,2020-07-22T13:40:00,1595439600,10,3.07,3070
1166,2020-09-18,31,2020-07-22T13:52:00,1595440320,1,3.15,315
1167,2020-09-18,31,2020-07-22T14:46:00,1595443560,5,3.31,1655
1168,2020-09-18,31,2020-07-22T14:52:00,1595443920,30,3.22,9660
1169,2020-09-18,31,2020-07-22T15:20:00,1595445600,2,3.24,648
1170,2020-09-18,31,2020-07-22T15:29:00,1595446140,1,3.29,329
1171,2020-09-18,31,2020-07-22T15:40:00,1595446800,1,3.25,325
1172,2020-09-18,31,2020-07-22T15:43:00,1595446980,3,3.23,969
1173,2020-09-18,31,2020-07-22T15:50:00,1595447400,1,3.18,318
1174,2020-09-18,31,2020-07-22T15:51:00,1595447460,30,3.22,9660
1175,2020-09-18,31,2020-07-22T15:59:00,1595447940,1,3.25,325
1176,2020-09-18,31,2020-07-23T09:30:00,1595511000,10,3.25,3250
1177,2020-09-18,31,2020-07-23T09:32:00,1595511120,5,3.3,1650
1178,2020-09-18,31,2020-07-23T09:33:00,1595511180,3,3.35,1005
1179,2020-09-18,31,2020-07-23T09:35:00,1595511300,12,3.279167,3935
1180,2020-09-18,31,2020-07-23T10:12:00,1595513520,10,3,3000
1181,2020-09-18,31,2020-07-23T10:34:00,1595514840,5,2.92,1460
1182,2020-09-18,31,2020-07-23T12:00:00,1595520000,3,3.123333,937
1183,2020-09-18,31,2020-07-23T12:07:00,1595520420,2,3.15,630
1184,2020-09-18,31,2020-07-23T12:24:00,1595521440,2,3.2,640
1185,2020-09-18,31,2020-07-23T12:25:00,1595521500,8,3.2,2560
1186,2020-09-18,31,2020-07-23T13:41:00,1595526060,1,3.46,346
1187,2020-09-18,31,2020-07-23T13:48:00,1595526480,1,3.5,350
1188,2020-09-18,31,2020-07-23T13:56:00,1595526960,1,3.5,350
1189,2020-09-18,31,2020-07-23T14:45:00,1595529900,2,3.44,688
1190,2020-09-18,31,2020-07-23T15:16:00,1595531760,30,3.45,10350
1191,2020-09-18,31,2020-07-24T09:33:00,1595597580,6,3.851667,2311
1192,2020-09-18,31,2020-07-24T09:56:00,1595598960,10,4.06,4060
1193,2020-09-18,31,2020-07-24T10:04:00,1595599440,2,3.9,780
1194,2020-09-18,31,2020-07-24T10:09:00,1595599740,1,4,400
1195,2020-09-18,31,2020-07-24T10:19:00,1595600340,2,4.05,810
1196,2020-09-18,31,2020-07-24T10:52:00,1595602320,1,3.8,380
1197,2020-09-18,31,2020-07-24T10:58:00,1595602680,1,3.7,370
1198,2020-09-18,31,2020-07-24T11:34:00,1595604840,2,3.7,740
1199,2020-09-18,31,2020-07-24T15:02:00,1595617320,2,3.93,786
1200,2020-09-18,31,2020-07-27T09:39:00,1595857140,1,4,400
1201,2020-09-18,31,2020-07-27T14:22:00,1595874120,1,3.82,382
1202,2020-09-18,31,2020-07-28T10:26:00,1595946360,2,4.1,820
1203,2020-09-18,31,2020-07-28T10:43:00,1595947380,2,4.05,810
1204,2020-09-18,31,2020-07-28T11:43:00,1595950980,2,4.1,820
1205,2020-09-18,31,2020-07-28T11:44:00,1595951040,1,4.1,410
1206,2020-09-18,31,2020-07-28T11:46:00,1595951160,1,4.1,410
1207,2020-09-18,31,2020-07-28T12:23:00,1595953380,1,4.15,415
1208,2020-09-18,31,2020-07-28T15:09:00,1595963340,4,4.25,1700
1209,2020-09-18,31,2020-07-29T10:04:00,1596031440,1,4.15,415
1210,2020-09-18,31,2020-07-29T10:26:00,1596032760,2,4.05,810
1211,2020-09-18,31,2020-07-29T11:46:00,1596037560,10,4.1,4100
1212,2020-09-18,31,2020-07-29T13:46:00,1596044760,3,4.2,1260
1213,2020-09-18,31,2020-07-30T09:31:00,1596115860,1,4.25,425
1214,2020-09-18,31,2020-07-30T09:33:00,1596115980,4,4.15,1660
1215,2020-09-18,31,2020-07-30T09:40:00,1596116400,12,4.2,5040
1216,2020-09-18,31,2020-07-30T10:26:00,1596119160,2,4.5,900
1217,2020-09-18,31,2020-07-30T10:28:00,1596119280,2,4.46,892
1218,2020-09-18,31,2020-07-30T13:29:00,1596130140,3,4.05,1215
1219,2020-09-18,31,2020-07-31T09:54:00,1596203640,2,3.86,772
1220,2020-09-18,31,2020-07-31T09:55:00,1596203700,10,3.85,3850
1221,2020-09-18,31,2020-07-31T10:31:00,1596205860,1,3.96,396
1222,2020-09-18,31,2020-07-31T10:32:00,1596205920,1,3.98,398
1223,2020-09-18,31,2020-07-31T10:39:00,1596206340,5,3.88,1940
1224,2020-09-18,31,2020-07-31T12:23:00,1596212580,4,4.01,1604
1225,2020-09-18,32,2020-07-20T09:30:00,1595251800,1,3.4,340
1226,2020-09-18,32,2020-07-20T09:37:00,1595252220,34,3.25,11050
1227,2020-09-18,32,2020-07-20T09:38:00,1595252280,19,3.25,6175
1228,2020-09-18,32,2020-07-20T11:19:00,1595258340,1,2.9,290
1229,2020-09-18,32,2020-07-20T13:17:00,1595265420,1,2.9,290
1230,2020-09-18,32,2020-07-20T13:21:00,1595265660,3,2.93,879
1231,2020-09-18,32,2020-07-20T13:23:00,1595265780,1,2.92,292
1232,2020-09-18,32,2020-07-20T13:46:00,1595267160,2,2.94,588
1233,2020-09-18,32,2020-07-20T13:59:00,1595267940,5,2.982,1491
1234,2020-09-18,32,2020-07-20T14:00:00,1595268000,2,2.99,598
1235,2020-09-18,32,2020-07-20T14:01:00,1595268060,2,2.99,598
1236,2020-09-18,32,2020-07-20T14:24:00,1595269440,10,2.91,2910
1237,2020-09-18,32,2020-07-20T15:58:00,1595275080,13,2.8,3640
1238,2020-09-18,32,2020-07-21T10:47:00,1595342820,3,2.75,825
1239,2020-09-18,32,2020-07-21T11:37:00,1595345820,1,2.79,279
1240,2020-09-18,32,2020-07-21T12:01:00,1595347260,1,2.85,285
1241,2020-09-18,32,2020-07-21T12:03:00,1595347380,17,2.991765,5086
1242,2020-09-18,32,2020-07-21T12:06:00,1595347560,1,3,300
1243,2020-09-18,32,2020-07-21T12:23:00,1595348580,1,3,300
1244,2020-09-18,32,2020-07-21T13:42:00,1595353320,8,2.94,2352
1245,2020-09-18,32,2020-07-21T14:08:00,1595354880,10,2.88,2880
1246,2020-09-18,32,2020-07-22T09:51:00,1595425860,3,3.13,939
1247,2020-09-18,32,2020-07-22T09:52:00,1595425920,2,3.165,633
1248,2020-09-18,32,2020-07-22T09:56:00,1595426160,2,3.12,624
1249,2020-09-18,32,2020-07-22T10:07:00,1595426820,3,3.12,936
1250,2020-09-18,32,2020-07-22T10:17:00,1595427420,1,3.18,318
1251,2020-09-18,32,2020-07-22T10:28:00,1595428080,9,3.25,2925
1252,2020-09-18,32,2020-07-22T10:34:00,1595428440,24,3.4,8160
1253,2020-09-18,32,2020-07-22T10:45:00,1595429100,6,3.4,2040
1254,2020-09-18,32,2020-07-22T11:14:00,1595430840,1,3.45,345
1255,2020-09-18,32,2020-07-22T11:34:00,1595432040,4,3.475,1390
1256,2020-09-18,32,2020-07-22T11:35:00,1595432100,5,3.48,1740
1257,2020-09-18,32,2020-07-22T11:36:00,1595432160,3,3.483333,1045
1258,2020-09-18,32,2020-07-22T11:45:00,1595432700,2,3.47,694
1259,2020-09-18,32,2020-07-22T11:47:00,1595432820,2,3.44,688
1260,2020-09-18,32,2020-07-22T11:50:00,1595433000,5,3.45,1725
1261,2020-09-18,32,2020-07-22T12:06:00,1595433960,7,3.5,2450
1262,2020-09-18,32,2020-07-22T12:11:00,1595434260,2,3.5,700
1263,2020-09-18,32,2020-07-22T12:22:00,1595434920,1,3.5,350
1264,2020-09-18,32,2020-07-22T12:32:00,1595435520,2,3.6,720
1265,2020-09-18,32,2020-07-22T12:35:00,1595435700,1,3.6,360
1266,2020-09-18,32,2020-07-22T13:21:00,1595438460,4,3.68,1472
1267,2020-09-18,32,2020-07-22T13:29:00,1595438940,6,3.7,2220
1268,2020-09-18,32,2020-07-22T13:52:00,1595440320,3,3.7,1110
1269,2020-09-18,32,2020-07-22T13:55:00,1595440500,15,3.75,5625
1270,2020-09-18,32,2020-07-22T14:07:00,1595441220,1,3.82,382
1271,2020-09-18,32,2020-07-22T14:19:00,1595441940,3,3.85,1155
1272,2020-09-18,32,2020-07-22T14:29:00,1595442540,1,3.8,380
1273,2020-09-18,32,2020-07-22T14:43:00,1595443380,2,3.905,781
1274,2020-09-18,32,2020-07-23T09:35:00,1595511300,2,3.93,786
1275,2020-09-18,32,2020-07-23T09:46:00,1595511960,1,3.6,360
1276,2020-09-18,32,2020-07-23T10:14:00,1595513640,1,3.64,364
1277,2020-09-18,32,2020-07-23T12:14:00,1595520840,10,3.7,3700
1278,2020-09-18,32,2020-07-23T14:22:00,1595528520,1,4.15,415
1279,2020-09-18,32,2020-07-23T14:23:00,1595528580,6,4.15,2490
1280,2020-09-18,32,2020-07-23T14:44:00,1595529840,4,4.03,1612
1281,2020-09-18,32,2020-07-24T09:39:00,1595597940,3,4.966667,1490
1282,2020-09-18,32,2020-07-24T09:57:00,1595599020,4,4.75,1900
1283,2020-09-18,32,2020-07-24T10:09:00,1595599740,1,4.65,465
1284,2020-09-18,32,2020-07-24T10:20:00,1595600400,1,4.71,471
1285,2020-09-18,32,2020-07-24T10:23:00,1595600580,1,4.65,465
1286,2020-09-18,32,2020-07-24T10:40:00,1595601600,2,4.55,910
1287,2020-09-18,32,2020-07-24T10:56:00,1595602560,1,4.35,435
1288,2020-09-18,32,2020-07-24T12:13:00,1595607180,5,4.6,2300
1289,2020-09-18,32,2020-07-24T14:36:00,1595615760,2,4.55,910
1290,2020-09-18,32,2020-07-24T14:50:00,1595616600,2,4.55,910
1291,2020-09-18,32,2020-07-24T15:32:00,1595619120,1,4.4,440
1292,2020-09-18,32,2020-07-27T09:43:00,1595857380,5,4.65,2325
1293,2020-09-18,32,2020-07-27T10:07:00,1595858820,10,4.748,4748
1294,2020-09-18,32,2020-07-27T11:00:00,1595862000,1,4.54,454
1295,2020-09-18,32,2020-07-27T12:31:00,1595867460,5,4.64,2320
1296,2020-09-18,32,2020-07-28T09:52:00,1595944320,9,4.85,4365
1297,2020-09-18,32,2020-07-28T12:08:00,1595952480,1,4.9,490
1298,2020-09-18,32,2020-07-28T12:22:00,1595953320,2,4.83,966
1299,2020-09-18,32,2020-07-28T15:27:00,1595964420,2,5,1000
1300,2020-09-18,32,2020-07-29T10:09:00,1596031740,20,4.915,9830
1301,2020-09-18,32,2020-07-29T13:35:00,1596044100,2,4.93,986
1302,2020-09-18,32,2020-07-29T14:37:00,1596047820,10,4.98,4980
1303,2020-09-18,32,2020-07-30T09:40:00,1596116400,5,4.9,2450
1304,2020-09-18,32,2020-07-30T11:37:00,1596123420,1,4.88,488
1305,2020-09-18,32,2020-07-30T15:05:00,1596135900,5,4.76,2380
1306,2020-09-18,32,2020-07-31T10:03:00,1596204180,1,4.75,475
1307,2020-09-18,32,2020-07-31T10:15:00,1596204900,2,4.9,980
1308,2020-09-18,32,2020-07-31T10:24:00,1596205440,1,4.8,480
1309,2020-09-18,32,2020-07-31T10:30:00,1596205800,9,4.75,4275
1310,2020-09-18,32,2020-07-31T10:52:00,1596207120,1,4.55,455
1311,2020-09-18,32,2020-07-31T11:58:00,1596211080,1,4.7,470
1312,2020-09-18,32,2020-07-31T15:55:00,1596225300,5,4.47,2235
1313,2020-09-18,33,2020-07-20T09:37:00,1595252220,9,3.805556,3425
1314,2020-09-18,33,2020-07-20T09:39:00,1595252340,10,3.8,3800
1315,2020-09-18,33,2020-07-20T09:43:00,1595252580,15,3.75,5625
1316,2020-09-18,33,2020-07-20T09:45:00,1595252700,3,3.65,1095
1317,2020-09-18,33,2020-07-20T10:09:00,1595254140,1,3.42,342
1318,2020-09-18,33,2020-07-20T10:33:00,1595255580,4,3.5,1400
1319,2020-09-18,33,2020-07-20T10:34:00,1595255640,16,3.5,5600
1320,2020-09-18,33,2020-07-20T10:36:00,1595255760,10,3.5,3500
1321,2020-09-18,33,2020-07-20T11:15:00,1595258100,2,3.44,688
1322,2020-09-18,33,2020-07-20T11:55:00,1595260500,1,3.34,334
1323,2020-09-18,33,2020-07-20T13:14:00,1595265240,2,3.45,690
1324,2020-09-18,33,2020-07-21T09:35:00,1595338500,1,3.22,322
1325,2020-09-18,33,2020-07-21T09:56:00,1595339760,2,3.265,653
1326,2020-09-18,33,2020-07-21T10:23:00,1595341380,1,3.2,320
1327,2020-09-18,33,2020-07-21T10:34:00,1595342040,1,3.2,320
1328,2020-09-18,33,2020-07-21T10:35:00,1595342100,38,3.197368,12150
1329,2020-09-18,33,2020-07-21T10:39:00,1595342340,2,3.2,640
1330,2020-09-18,33,2020-07-21T10:40:00,1595342400,2,3.17,634
1331,2020-09-18,33,2020-07-21T10:43:00,1595342580,6,3.3,1980
1332,2020-09-18,33,2020-07-21T10:46:00,1595342760,7,3.3,2310
1333,2020-09-18,33,2020-07-21T10:47:00,1595342820,2,3.3,660
1334,2020-09-18,33,2020-07-21T10:50:00,1595343000,4,3.3,1320
1335,2020-09-18,33,2020-07-21T14:03:00,1595354580,10,3.45,3450
1336,2020-09-18,33,2020-07-21T14:17:00,1595355420,5,3.38,1690
1337,2020-09-18,33,2020-07-21T14:36:00,1595356560,2,3.4,680
1338,2020-09-18,33,2020-07-21T14:37:00,1595356620,3,3.4,1020
1339,2020-09-18,33,2020-07-22T09:49:00,1595425740,13,3.8,4940
1340,2020-09-18,33,2020-07-22T10:31:00,1595428260,7,3.9,2730
1341,2020-09-18,33,2020-07-22T10:32:00,1595428320,13,3.9,5070
1342,2020-09-18,33,2020-07-22T11:25:00,1595431500,1,4.05,405
1343,2020-09-18,33,2020-07-22T13:15:00,1595438100,4,4.34,1736
1344,2020-09-18,33,2020-07-22T13:18:00,1595438280,4,4.35,1740
1345,2020-09-18,33,2020-07-23T09:35:00,1595511300,7,4.45,3115
1346,2020-09-18,33,2020-07-23T10:02:00,1595512920,2,4.1,820
1347,2020-09-18,33,2020-07-23T13:41:00,1595526060,1,4.76,476
1348,2020-09-18,33,2020-07-23T14:24:00,1595528640,1,4.8,480
1349,2020-09-18,33,2020-07-23T14:25:00,1595528700,4,4.8,1920
1350,2020-09-18,33,2020-07-23T14:26:00,1595528760,2,4.8,960
1351,2020-09-18,33,2020-07-23T14:43:00,1595529780,3,4.75,1425
1352,2020-09-18,33,2020-07-23T14:44:00,1595529840,2,4.74,948
1353,2020-09-18,33,2020-07-23T14:46:00,1595529960,3,4.75,1425
1354,2020-09-18,33,2020-07-23T14:47:00,1595530020,7,4.75,3325
1355,2020-09-18,33,2020-07-24T09:38:00,1595597880,5,5.6,2800
1356,2020-09-18,33,2020-07-24T10:01:00,1595599260,4,5.32,2128
1357,2020-09-18,33,2020-07-24T10:09:00,1595599740,1,5.37,537
1358,2020-09-18,33,2020-07-24T11:30:00,1595604600,15,5.1,7650
1359,2020-09-18,33,2020-07-24T12:06:00,1595606760,20,5.25,10500
1360,2020-09-18,33,2020-07-24T12:12:00,1595607120,1,5.3,530
1361,2020-09-18,33,2020-07-24T12:58:00,1595609880,1,5.35,535
1362,2020-09-18,33,2020-07-24T13:11:00,1595610660,1,5.45,545
1363,2020-09-18,33,2020-07-24T14:35:00,1595615700,8,5.3,4240
1364,2020-09-18,33,2020-07-24T14:39:00,1595615940,1,5.25,525
1365,2020-09-18,33,2020-07-24T15:37:00,1595619420,5,5.15,2575
1366,2020-09-18,33,2020-07-27T09:46:00,1595857560,1,5.4,540
1367,2020-09-18,33,2020-07-27T10:06:00,1595858760,2,5.5,1100
1368,2020-09-18,33,2020-07-27T10:49:00,1595861340,6,5.22,3132
1369,2020-09-18,33,2020-07-27T11:00:00,1595862000,1,5.27,527
1370,2020-09-18,33,2020-07-27T11:39:00,1595864340,1,5.52,552
1371,2020-09-18,33,2020-07-27T14:28:00,1595874480,45,5.18,23310
1372,2020-09-18,33,2020-07-28T09:50:00,1595944200,3,5.4,1620
1373,2020-09-18,33,2020-07-28T12:08:00,1595952480,1,5.65,565
1374,2020-09-18,33,2020-07-28T12:35:00,1595954100,1,5.65,565
1375,2020-09-18,33,2020-07-28T13:29:00,1595957340,1,5.55,555
1376,2020-09-18,33,2020-07-29T14:35:00,1596047700,1,5.75,575
1377,2020-09-18,33,2020-07-30T14:18:00,1596133080,1,5.46,546
1378,2020-09-18,33,2020-07-30T14:19:00,1596133140,4,5.46,2184
1379,2020-09-18,33,2020-07-31T10:39:00,1596206340,6,5.3,3180
1380,2020-09-18,33,2020-07-31T10:56:00,1596207360,1,5.25,525
1381,2020-09-18,33,2020-07-31T12:36:00,1596213360,2,5.45,1090
1382,2020-09-18,33,2020-07-31T15:19:00,1596223140,3,5.2,1560
1383,2020-09-18,34,2020-07-20T10:33:00,1595255580,4,4.1,1640
1384,2020-09-18,34,2020-07-20T10:34:00,1595255640,16,4.1,6560
1385,2020-09-18,34,2020-07-20T13:06:00,1595264760,1,4,400
1386,2020-09-18,34,2020-07-20T13:55:00,1595267700,2,4.1,820
1387,2020-09-18,34,2020-07-20T14:01:00,1595268060,2,4.15,830
1388,2020-09-18,34,2020-07-20T15:15:00,1595272500,1,4,400
1389,2020-09-18,34,2020-07-20T15:58:00,1595275080,57,3.9,22230
1390,2020-09-18,34,2020-07-21T09:35:00,1595338500,2,3.75,750
1391,2020-09-18,34,2020-07-21T10:41:00,1595342460,8,3.8,3040
1392,2020-09-18,34,2020-07-21T10:46:00,1595342760,1,3.9,390
1393,2020-09-18,34,2020-07-21T10:49:00,1595342940,3,3.9,1170
1394,2020-09-18,34,2020-07-21T11:00:00,1595343600,32,3.9,12480
1395,2020-09-18,34,2020-07-21T11:01:00,1595343660,2,3.9,780
1396,2020-09-18,34,2020-07-21T11:03:00,1595343780,3,3.9,1170
1397,2020-09-18,34,2020-07-21T11:04:00,1595343840,14,3.9,5460
1398,2020-09-18,34,2020-07-21T11:09:00,1595344140,3,3.9,1170
1399,2020-09-18,34,2020-07-21T11:15:00,1595344500,2,3.9,780
1400,2020-09-18,34,2020-07-21T11:24:00,1595345040,2,3.9,780
1401,2020-09-18,34,2020-07-22T09:46:00,1595425560,6,4.35,2610
1402,2020-09-18,34,2020-07-22T09:48:00,1595425680,2,4.4,880
1403,2020-09-18,34,2020-07-22T09:49:00,1595425740,14,4.45,6230
1404,2020-09-18,34,2020-07-22T10:49:00,1595429340,9,4.85,4365
1405,2020-09-18,34,2020-07-23T09:35:00,1595511300,7,5.15,3605
1406,2020-09-18,34,2020-07-23T10:38:00,1595515080,1,4.7,470
1407,2020-09-18,34,2020-07-24T09:39:00,1595597940,6,6.45,3870
1408,2020-09-18,34,2020-07-24T12:15:00,1595607300,1,6.1,610
1409,2020-09-18,34,2020-07-24T12:16:00,1595607360,1,6.1,610
1410,2020-09-18,34,2020-07-24T12:23:00,1595607780,2,6.15,1230
1411,2020-09-18,34,2020-07-24T14:38:00,1595615880,5,6.05,3025
1412,2020-09-18,34,2020-07-24T14:39:00,1595615940,1,6,600
1413,2020-09-18,34,2020-07-27T09:40:00,1595857200,1,6.15,615
1414,2020-09-18,34,2020-07-27T11:53:00,1595865180,2,6.19,1238
1415,2020-09-18,34,2020-07-27T11:56:00,1595865360,1,6.19,619
1416,2020-09-18,34,2020-07-27T15:34:00,1595878440,20,6.06,12120
1417,2020-09-18,34,2020-07-28T09:50:00,1595944200,17,6.25,10625
1418,2020-09-18,34,2020-07-28T09:52:00,1595944320,17,6.4,10880
1419,2020-09-18,34,2020-07-28T09:58:00,1595944680,1,6.34,634
1420,2020-09-18,34,2020-07-28T15:09:00,1595963340,4,6.46,2584
1421,2020-09-18,34,2020-07-29T13:16:00,1596042960,2,6.45,1290
1422,2020-09-18,34,2020-07-29T14:36:00,1596047760,2,6.61,1322
1423,2020-09-18,34,2020-07-30T09:44:00,1596116640,12,6.44,7728
1424,2020-09-18,34,2020-07-30T11:38:00,1596123480,5,6.39,3195
1425,2020-09-18,34,2020-07-30T13:21:00,1596129660,27,6.34,17118
1426,2020-09-18,34,2020-07-31T13:47:00,1596217620,1,6.17,617
1427,2020-09-18,35,2020-07-20T09:37:00,1595252220,6,5.05,3030
1428,2020-09-18,35,2020-07-20T09:45:00,1595252700,3,4.9,1470
1429,2020-09-18,35,2020-07-20T11:20:00,1595258400,2,4.66,932
1430,2020-09-18,35,2020-07-20T13:39:00,1595266740,2,4.7,940
1431,2020-09-18,35,2020-07-21T09:40:00,1595338800,6,4.55,2730
1432,2020-09-18,35,2020-07-21T09:41:00,1595338860,1,4.6,460
1433,2020-09-18,35,2020-07-21T10:00:00,1595340000,4,4.6,1840
1434,2020-09-18,35,2020-07-21T12:03:00,1595347380,20,4.79,9580
1435,2020-09-18,35,2020-07-21T14:16:00,1595355360,1,4.65,465
1436,2020-09-18,35,2020-07-22T09:54:00,1595426040,1,5.04,504
1437,2020-09-18,35,2020-07-22T10:35:00,1595428500,14,5.3,7420
1438,2020-09-18,35,2020-07-22T10:48:00,1595429280,2,5.45,1090
1439,2020-09-18,35,2020-07-22T12:40:00,1595436000,1,5.5,550
1440,2020-09-18,35,2020-07-23T10:55:00,1595516100,1,5.47,547
1441,2020-09-18,35,2020-07-24T11:30:00,1595604600,1,6.6,660
1442,2020-09-18,35,2020-07-24T11:39:00,1595605140,6,6.7,4020
1443,2020-09-18,35,2020-07-24T11:40:00,1595605200,7,6.65,4655
1444,2020-09-18,35,2020-07-24T12:02:00,1595606520,1,6.75,675
1445,2020-09-18,35,2020-07-24T14:35:00,1595615700,9,6.85,6165
1446,2020-09-18,35,2020-07-27T09:41:00,1595857260,2,7.05,1410
1447,2020-09-18,35,2020-07-27T09:42:00,1595857320,3,6.95,2085
1448,2020-09-18,35,2020-07-27T10:48:00,1595861280,5,6.8,3400
1449,2020-09-18,35,2020-07-28T09:52:00,1595944320,4,7.2,2880
1450,2020-09-18,35,2020-07-28T14:55:00,1595962500,1,7.25,725
1451,2020-09-18,35,2020-07-28T15:14:00,1595963640,1,7.4,740
1452,2020-09-18,35,2020-07-29T14:28:00,1596047280,1,7.45,745
1453,2020-09-18,35,2020-07-30T10:07:00,1596118020,3,7.52,2256
1454,2020-09-18,35,2020-07-30T13:21:00,1596129660,2,7.14,1428
1455,2020-09-18,35,2020-07-31T10:24:00,1596205440,10,7.18,7180
1456,2020-09-18,35,2020-07-31T10:32:00,1596205920,1,7.07,707
1457,2020-09-18,35,2020-07-31T10:39:00,1596206340,6,6.9,4140
1458,2020-09-18,35,2020-07-31T10:56:00,1596207360,1,6.8,680
1459,2020-09-18,35,2020-07-31T11:24:00,1596209040,1,6.91,691
1460,2020-09-18,36,2020-07-20T09:37:00,1595252220,35,5.75,20125
1461,2020-09-18,36,2020-07-20T09:38:00,1595252280,17,5.75,9775
1462,2020-09-18,36,2020-07-20T10:00:00,1595253600,1,5.5,550
1463,2020-09-18,36,2020-07-21T09:44:00,1595339040,3,5.23,1569
1464,2020-09-18,36,2020-07-21T10:00:00,1595340000,5,5.3,2650
1465,2020-09-18,36,2020-07-21T12:03:00,1595347380,1,5.5,550
1466,2020-09-18,36,2020-07-22T09:49:00,1595425740,8,5.85,4680
1467,2020-09-18,36,2020-07-23T14:13:00,1595527980,4,7.2,2880
1468,2020-09-18,36,2020-07-23T15:30:00,1595532600,4,7.1,2840
1469,2020-09-18,36,2020-07-24T09:30:00,1595597400,1,7.5,750
1470,2020-09-18,36,2020-07-28T09:50:00,1595944200,10,7.9,7900
1471,2020-09-18,36,2020-07-28T09:52:00,1595944320,5,8.05,4025
1472,2020-09-18,37,2020-07-20T09:37:00,1595252220,5,6.5,3250
1473,2020-09-18,37,2020-07-20T10:51:00,1595256660,4,6.01,2404
1474,2020-09-18,37,2020-07-21T12:02:00,1595347320,5,6.15,3075
1475,2020-09-18,37,2020-07-22T09:49:00,1595425740,9,6.6,5940
1476,2020-09-18,37,2020-07-28T09:52:00,1595944320,8,9,7200
1477,2020-09-18,38,2020-07-21T10:00:00,1595340000,2,6.8,1360
1478,2020-09-18,38,2020-07-21T12:01:00,1595347260,1,6.8,680
1479,2020-09-18,38,2020-07-21T12:03:00,1595347380,3,7,2100
1480,2020-09-18,38,2020-07-28T09:50:00,1595944200,2,9.65,1930
1481,2020-09-18,38,2020-07-30T11:15:00,1596122100,1,10.08,1008
1482,2020-09-18,39,2020-07-21T09:40:00,1595338800,7,7.45,5215
1483,2020-09-18,39,2020-07-21T09:47:00,1595339220,1,7.45,745
1484,2020-09-18,39,2020-07-21T10:00:00,1595340000,7,7.55,5285
1485,2020-09-18,39,2020-07-21T10:05:00,1595340300,2,7.3,1460
1486,2020-09-18,39,2020-07-22T10:18:00,1595427480,2,8.12,1624
1487,2020-09-18,39,2020-07-24T09:37:00,1595597820,2,10.35,2070
1488,2020-09-18,40,2020-07-21T09:40:00,1595338800,6,8.2,4920
1489,2020-09-18,40,2020-07-21T10:05:00,1595340300,2,8.08,1616
1490,2020-09-18,40,2020-07-21T15:10:00,1595358600,3,8.5,2550
1491,2020-09-18,40,2020-07-22T10:18:00,1595427480,2,8.97,1794
1492,2020-09-18,40,2020-07-23T14:43:00,1595529780,10,10.4,10400
1493,2020-09-18,40,2020-07-24T09:37:00,1595597820,2,11.25,2250
1494,2020-09-18,40,2020-07-24T13:47:00,1595612820,1,11.25,1125
1495,2020-09-18,40,2020-07-24T15:18:00,1595618280,1,11.05,1105
1496,2020-09-18,40,2020-07-28T09:52:00,1595944320,10,11.75,11750
1497,2020-09-18,41,2020-07-23T09:34:00,1595511240,12,11.2,13440
1498,2020-09-18,41,2020-07-28T11:18:00,1595949480,16,12.5,20000
1499,2020-09-18,42,2020-07-21T15:10:00,1595358600,3,10.2,3060
1500,2020-09-18,43,2020-07-21T10:00:00,1595340000,7,10.95,7665